cutoff,cutoff_days,n,n_pos,prevalence,pr_auc,roc_auc,f1,precision,recall,f1_best,threshold_best,threshold,median_obs_seen,n_empty,mode,seed
-50d,-50.0,2434,118,0.04847986852917009,0.09313304336071726,0.6793547466409063,0.13691931540342298,0.0757439134355275,0.711864406779661,0.16853932584269662,0.5657375454902649,0.5,72.0,16,scratch,0
-20d,-20.0,2434,118,0.04847986852917009,0.08561407463179999,0.6523740522818419,0.1329639889196676,0.07461139896373056,0.6101694915254238,0.14655172413793105,0.5658532977104187,0.5,75.0,5,scratch,0
-10d,-10.0,2434,118,0.04847986852917009,0.08638800527072833,0.6532559058575569,0.13584117032392895,0.07747318235995232,0.5508474576271186,0.14285714285714285,0.5081411004066467,0.5,76.0,4,scratch,0
+0d,0.0,2434,118,0.04847986852917009,0.0964457190218124,0.6487844325400309,0.13273001508295626,0.08073394495412844,0.3728813559322034,0.1411764705882353,0.4868174195289612,0.5,79.0,0,scratch,0
+20d,20.0,2434,118,0.04847986852917009,0.08348362955418695,0.6287725769151957,0.11356466876971609,0.06976744186046512,0.3050847457627119,0.13151927437641722,0.4792957901954651,0.5,82.0,0,scratch,0
+50d,50.0,2434,118,0.04847986852917009,0.07549536940358553,0.6040257896431603,0.12061711079943899,0.07226890756302522,0.3644067796610169,0.14358974358974358,0.6636378169059753,0.5,87.0,0,scratch,0
+100d,100.0,2434,118,0.04847986852917009,0.08115034554444879,0.611834401803226,0.12740384615384615,0.0742296918767507,0.4491525423728814,0.1346153846153846,0.666393518447876,0.5,91.0,0,scratch,0
full,,2434,118,0.04847986852917009,0.08559801815019652,0.6879994730833405,0.13506916192026036,0.0747074707470747,0.7033898305084746,0.1573770491803279,0.5603779554367065,0.5,149.0,0,scratch,0
-50d,-50.0,2434,118,0.04847986852917009,0.07670153926160506,0.6601369251485611,0.13112491373360938,0.07137490608564989,0.8050847457627118,0.13513513513513514,0.46411019563674927,0.5,72.0,16,scratch,1
-20d,-20.0,2434,118,0.04847986852917009,0.08109118244107132,0.6558282837153478,0.1327857631759069,0.07222635889798958,0.8220338983050848,0.13793103448275862,0.5452776551246643,0.5,75.0,5,scratch,1
-10d,-10.0,2434,118,0.04847986852917009,0.08515388196989358,0.6560917420450221,0.13369713506139155,0.07270029673590504,0.8305084745762712,0.1375,0.5429419875144958,0.5,76.0,4,scratch,1
+0d,0.0,2434,118,0.04847986852917009,0.09258280025669918,0.6721663592986155,0.13496932515337423,0.07338769458858414,0.8389830508474576,0.13741598207617625,0.5274720788002014,0.5,79.0,0,scratch,1
+20d,20.0,2434,118,0.04847986852917009,0.09184784567937679,0.6700001463657387,0.13443072702331962,0.07313432835820896,0.8305084745762712,0.13862928348909656,0.5283010005950928,0.5,82.0,0,scratch,1
+50d,50.0,2434,118,0.04847986852917009,0.07464558990386976,0.6427797781095401,0.13333333333333333,0.07255048616305161,0.8220338983050848,0.1377091377091377,0.4683544635772705,0.5,87.0,0,scratch,1
+100d,100.0,2434,118,0.04847986852917009,0.06670785444323352,0.6378820145780275,0.1327857631759069,0.07222635889798958,0.8220338983050848,0.13793103448275862,0.47405579686164856,0.5,91.0,0,scratch,1
full,,2434,118,0.04847986852917009,0.08524812849965044,0.7025482275109043,0.1476510067114094,0.08094848732624693,0.8389830508474576,0.15166666666666664,0.539996862411499,0.5,149.0,0,scratch,1
-50d,-50.0,2434,118,0.04847986852917009,0.08727100892560655,0.6604699072041218,0.13958125623130607,0.07909604519774012,0.5932203389830508,0.15766423357664233,0.519859790802002,0.5,72.0,16,scratch,2
-20d,-20.0,2434,118,0.04847986852917009,0.07331846718352103,0.6168327917801001,0.13,0.07624633431085044,0.4406779661016949,0.13186813186813187,0.504404604434967,0.5,75.0,5,scratch,2
-10d,-10.0,2434,118,0.04847986852917009,0.08121609510483932,0.6101219226603437,0.13851351351351351,0.08649789029535865,0.3474576271186441,0.14746543778801843,0.537567675113678,0.5,76.0,4,scratch,2
+0d,0.0,2434,118,0.04847986852917009,0.07160702052398714,0.5674636281139311,0.09205020920502092,0.09090909090909091,0.09322033898305085,0.12080536912751678,0.4917350709438324,0.5,79.0,0,scratch,2
+20d,20.0,2434,118,0.04847986852917009,0.05303515291734576,0.5257969614472644,0.023391812865497075,0.03773584905660377,0.01694915254237288,0.10834553440702782,0.46057194471359253,0.5,82.0,0,scratch,2
+50d,50.0,2434,118,0.04847986852917009,0.04359812233538728,0.47105434559878223,0.0,0.0,0.0,0.09756097560975609,0.3776070177555084,0.5,87.0,0,scratch,2
+100d,100.0,2434,118,0.04847986852917009,0.0462140630167623,0.4893482333655338,0.05405405405405406,0.03968253968253968,0.0847457627118644,0.09981515711645103,0.41477134823799133,0.5,91.0,0,scratch,2
full,,2434,118,0.04847986852917009,0.08262805267979978,0.6887386200638155,0.1460373998219056,0.08159203980099503,0.6949152542372882,0.15584415584415584,0.5060538053512573,0.5,149.0,0,scratch,2
-50d,-50.0,2434,118,0.04847986852917009,0.12067269028504023,0.7613964023301426,0.17005545286506468,0.0954356846473029,0.7796610169491526,0.19633943427620634,0.6907531023025513,0.5,72.0,16,frozen,0
-20d,-20.0,2434,118,0.04847986852917009,0.1335666709563347,0.7772057316823278,0.18072289156626506,0.10250569476082004,0.7627118644067796,0.1934477379095164,0.6632516384124756,0.5,75.0,5,frozen,0
-10d,-10.0,2434,118,0.04847986852917009,0.15490865035620213,0.7963320745879805,0.19162995594713655,0.11012658227848102,0.7372881355932204,0.22478386167146971,0.7335964441299438,0.5,76.0,4,frozen,0
+0d,0.0,2434,118,0.04847986852917009,0.20094226199472268,0.8361289189426538,0.23006535947712417,0.13601236476043277,0.7457627118644068,0.2794759825327511,0.663885772228241,0.5,79.0,0,frozen,0
+20d,20.0,2434,118,0.04847986852917009,0.22786755930802272,0.8604219724246949,0.2658959537572254,0.1602787456445993,0.7796610169491526,0.30238726790450926,0.7614511847496033,0.5,82.0,0,frozen,0
+50d,50.0,2434,118,0.04847986852917009,0.3131316270943784,0.9061868797751822,0.32666666666666666,0.2033195020746888,0.8305084745762712,0.43205574912891986,0.8442592620849609,0.5,87.0,0,frozen,0
+100d,100.0,2434,118,0.04847986852917009,0.35060116936314023,0.9110425631568162,0.33807829181494664,0.21396396396396397,0.8050847457627118,0.4582043343653251,0.8014001250267029,0.5,91.0,0,frozen,0
full,,2434,118,0.04847986852917009,0.4706714283425095,0.9248228974561634,0.3522935779816514,0.22482435597189696,0.8135593220338984,0.47916666666666663,0.8359928727149963,0.5,149.0,0,frozen,0
-50d,-50.0,2434,118,0.04847986852917009,0.11641637876137628,0.7565992652439918,0.17679558011049723,0.09917355371900827,0.8135593220338984,0.18528610354223432,0.6732557415962219,0.5,72.0,16,frozen,1
-20d,-20.0,2434,118,0.04847986852917009,0.13496180674208866,0.7732684933110858,0.1786064769381747,0.10099889012208657,0.7711864406779662,0.2034976152623211,0.6809071898460388,0.5,75.0,5,frozen,1
-10d,-10.0,2434,118,0.04847986852917009,0.14557855903896103,0.786430432364392,0.18938605619146723,0.10794780545670225,0.7711864406779662,0.22510822510822512,0.7095460891723633,0.5,76.0,4,frozen,1
+0d,0.0,2434,118,0.04847986852917009,0.19924421611421012,0.824276953250783,0.21064814814814814,0.12198391420911528,0.7711864406779662,0.27133479212253825,0.7113571763038635,0.5,79.0,0,frozen,1
+20d,20.0,2434,118,0.04847986852917009,0.23557485578212045,0.837987763824244,0.2438391699092088,0.1439509954058193,0.7966101694915254,0.2892561983471074,0.7115731239318848,0.5,82.0,0,frozen,1
+50d,50.0,2434,118,0.04847986852917009,0.31108572297616116,0.8872325166125113,0.30387596899224806,0.1859582542694497,0.8305084745762712,0.39257294429708217,0.7635084986686707,0.5,87.0,0,frozen,1
+100d,100.0,2434,118,0.04847986852917009,0.32921882331830293,0.8920589268464039,0.32081911262798635,0.20085470085470086,0.7966101694915254,0.42038216560509556,0.8026952147483826,0.5,91.0,0,frozen,1
full,,2434,118,0.04847986852917009,0.4306513361576887,0.9098862738210239,0.32377740303541314,0.20210526315789473,0.8135593220338984,0.46875,0.8118714094161987,0.5,149.0,0,frozen,1
-50d,-50.0,2434,118,0.04847986852917009,0.12748343744199464,0.7611658762916778,0.16727941176470587,0.09381443298969072,0.7711864406779662,0.192,0.7044026851654053,0.5,72.0,16,frozen,2
-20d,-20.0,2434,118,0.04847986852917009,0.14417979726321056,0.7768434764790257,0.1750503018108652,0.09931506849315068,0.7372881355932204,0.2121212121212121,0.7629664540290833,0.5,75.0,5,frozen,2
-10d,-10.0,2434,118,0.04847986852917009,0.16981421122480178,0.7935181932613212,0.18681318681318682,0.10732323232323232,0.7203389830508474,0.2206896551724138,0.7629664540290833,0.5,76.0,4,frozen,2
+0d,0.0,2434,118,0.04847986852917009,0.20551925586400216,0.8306109305933667,0.22879177377892032,0.13484848484848486,0.7542372881355932,0.2783018867924528,0.6869503259658813,0.5,79.0,0,frozen,2
+20d,20.0,2434,118,0.04847986852917009,0.24470750443391964,0.8456573285325371,0.2571428571428571,0.15463917525773196,0.7627118644067796,0.3,0.8423338532447815,0.5,82.0,0,frozen,2
+50d,50.0,2434,118,0.04847986852917009,0.32294377612004893,0.895498521706039,0.31840796019900497,0.1979381443298969,0.8135593220338984,0.4019607843137255,0.7224780321121216,0.5,87.0,0,frozen,2
+100d,100.0,2434,118,0.04847986852917009,0.3407367014942783,0.9017629753227364,0.3298611111111111,0.2074235807860262,0.8050847457627118,0.4344569288389513,0.8521804809570312,0.5,91.0,0,frozen,2
full,,2434,118,0.04847986852917009,0.4240824575881911,0.9122683762184948,0.3508137432188065,0.22298850574712645,0.8220338983050848,0.4701986754966887,0.8320409059524536,0.5,149.0,0,frozen,2
-50d,-50.0,2434,118,0.04847986852917009,0.11394300056365328,0.7696148385585901,0.18037661050545095,0.10213243546576879,0.7711864406779662,0.19746835443037974,0.7787313461303711,0.5,72.0,16,finetune,0
-20d,-20.0,2434,118,0.04847986852917009,0.12663879043271944,0.7706595240186177,0.18181818181818182,0.10321100917431193,0.7627118644067796,0.20086083213773312,0.6983668208122253,0.5,75.0,5,finetune,0
-10d,-10.0,2434,118,0.04847986852917009,0.13566121975280473,0.7815784081262258,0.18730489073881373,0.10676156583629894,0.7627118644067796,0.2184873949579832,0.7755313515663147,0.5,76.0,4,finetune,0
+0d,0.0,2434,118,0.04847986852917009,0.17175491236314053,0.8024684581833085,0.19590958019375673,0.11220715166461159,0.7711864406779662,0.24932249322493225,0.7632842063903809,0.5,79.0,0,finetune,0
+20d,20.0,2434,118,0.04847986852917009,0.2522994425759303,0.8354483182576623,0.22632226322263221,0.13237410071942446,0.7796610169491526,0.30898876404494385,0.7559008598327637,0.5,82.0,0,finetune,0
+50d,50.0,2434,118,0.04847986852917009,0.3074061807273503,0.8774113755452123,0.3218390804597701,0.19959266802443992,0.8305084745762712,0.4114285714285714,0.7292926907539368,0.5,87.0,0,finetune,0
+100d,100.0,2434,118,0.04847986852917009,0.3282311391102221,0.8835770322882819,0.35424354243542433,0.22641509433962265,0.8135593220338984,0.42405063291139244,0.7428680658340454,0.5,91.0,0,finetune,0
full,,2434,118,0.04847986852917009,0.4028804765707628,0.9135307807148503,0.40336134453781514,0.2681564245810056,0.8135593220338984,0.5171339563862928,0.78047114610672,0.5,149.0,0,finetune,0
-50d,-50.0,2434,118,0.04847986852917009,0.13279148690790357,0.775718289862709,0.17790811339198437,0.1005524861878453,0.7711864406779662,0.20606060606060606,0.6852192282676697,0.5,72.0,16,finetune,1
-20d,-20.0,2434,118,0.04847986852917009,0.1511377974202845,0.7822699862416206,0.1798201798201798,0.10192525481313704,0.7627118644067796,0.2145593869731801,0.7111849188804626,0.5,75.0,5,finetune,1
-10d,-10.0,2434,118,0.04847986852917009,0.15437928601707748,0.7827822663270982,0.18514750762970497,0.10520231213872833,0.7711864406779662,0.21673003802281368,0.7113842368125916,0.5,76.0,4,finetune,1
+0d,0.0,2434,118,0.04847986852917009,0.19100086004275216,0.8077010333421153,0.19692307692307692,0.11201866977829639,0.8135593220338984,0.2560706401766005,0.7355161309242249,0.5,79.0,0,finetune,1
+20d,20.0,2434,118,0.04847986852917009,0.26265069293770266,0.8443436960276338,0.2186421173762946,0.12649800266311584,0.8050847457627118,0.3553719008264463,0.7843633890151978,0.5,82.0,0,finetune,1
+50d,50.0,2434,118,0.04847986852917009,0.3348116332742906,0.8768002985861069,0.29767441860465116,0.18216318785578747,0.8135593220338984,0.45985401459854014,0.761889636516571,0.5,87.0,0,finetune,1
+100d,100.0,2434,118,0.04847986852917009,0.36131997503616725,0.8846052516027048,0.34191176470588236,0.21830985915492956,0.788135593220339,0.47249190938511326,0.7245583534240723,0.5,91.0,0,finetune,1
full,,2434,118,0.04847986852917009,0.48022849571017023,0.9170874681654518,0.39285714285714285,0.25647668393782386,0.8389830508474576,0.5447761194029851,0.7961990237236023,0.5,149.0,0,finetune,1
-50d,-50.0,2434,118,0.04847986852917009,0.12028990550911996,0.7623752232077515,0.17692307692307693,0.09978308026030369,0.7796610169491526,0.19601328903654486,0.6549620032310486,0.5,72.0,16,finetune,2
-20d,-20.0,2434,118,0.04847986852917009,0.12797470944650433,0.7674980240625275,0.17786561264822134,0.10067114093959731,0.7627118644067796,0.19501133786848074,0.7290551662445068,0.5,75.0,5,finetune,2
-10d,-10.0,2434,118,0.04847986852917009,0.14077340731086216,0.7737844325400312,0.178,0.10090702947845805,0.7542372881355932,0.20578778135048234,0.76751708984375,0.5,76.0,4,finetune,2
+0d,0.0,2434,118,0.04847986852917009,0.16502776663299448,0.7905103773308744,0.18329938900203666,0.10416666666666667,0.7627118644067796,0.22699386503067487,0.7575601935386658,0.5,79.0,0,finetune,2
+20d,20.0,2434,118,0.04847986852917009,0.21254396765106012,0.814324083018647,0.1913978494623656,0.10960591133004927,0.7542372881355932,0.2777777777777778,0.7078889608383179,0.5,82.0,0,finetune,2
+50d,50.0,2434,118,0.04847986852917009,0.2576601141474798,0.8471429407804223,0.22871664548919948,0.13452914798206278,0.7627118644067796,0.35654596100278546,0.6854526400566101,0.5,87.0,0,finetune,2
+100d,100.0,2434,118,0.04847986852917009,0.28556786557826963,0.85671160094845,0.2517482517482518,0.1507537688442211,0.7627118644067796,0.3834808259587021,0.660124659538269,0.5,91.0,0,finetune,2
full,,2434,118,0.04847986852917009,0.36865550206156206,0.8717726354614913,0.2794759825327511,0.1687170474516696,0.8135593220338984,0.4017094017094016,0.8521736264228821,0.5,149.0,0,finetune,2
