cutoff,cutoff_days,n,n_pos,prevalence,pr_auc,roc_auc,f1,precision,recall,f1_best,threshold_best,threshold,median_obs_seen,n_empty,mode,seed,fold,best_epoch
-50d,-50.0,487,24,0.049281314168377825,0.09511547583815998,0.6446184305255579,0.14634146341463414,0.08287292817679558,0.625,0.1941747572815534,0.5144156217575073,0.5,72.0,1,scratch,0,0,4
-20d,-20.0,487,24,0.049281314168377825,0.06989649983308516,0.5804535637149029,0.13245033112582782,0.07874015748031496,0.4166666666666667,0.15037593984962408,0.5036702752113342,0.5,75.0,0,scratch,0,0,4
-10d,-10.0,487,24,0.049281314168377825,0.12845915758873408,0.6027717782577393,0.1702127659574468,0.11428571428571428,0.3333333333333333,0.18666666666666668,0.5036702752113342,0.5,76.0,0,scratch,0,0,4
+0d,0.0,487,24,0.049281314168377825,0.09207118773264167,0.6541576673866091,0.0625,0.125,0.041666666666666664,0.174496644295302,0.46023714542388916,0.5,79.0,0,scratch,0,0,4
+20d,20.0,487,24,0.049281314168377825,0.05261252440497707,0.5240280777537797,0.0,0.0,0.0,0.11038961038961038,0.4423753619194031,0.5,81.0,0,scratch,0,0,4
+50d,50.0,487,24,0.049281314168377825,0.04112876890818041,0.42332613390928725,0.0,0.0,0.0,0.09978308026030368,0.42959266901016235,0.5,85.0,0,scratch,0,0,4
+100d,100.0,487,24,0.049281314168377825,0.04905332342006746,0.4640928725701944,0.045454545454545456,0.05,0.041666666666666664,0.10191082802547771,0.43172216415405273,0.5,91.0,0,scratch,0,0,4
full,,487,24,0.049281314168377825,0.06333739865742169,0.6289596832253419,0.11255411255411256,0.06280193236714976,0.5416666666666666,0.14652014652014653,0.4926829934120178,0.5,152.0,0,scratch,0,0,4
-50d,-50.0,486,23,0.047325102880658436,0.1148675268851305,0.7165931073340219,0.12751677852348994,0.06909090909090909,0.8260869565217391,0.23529411764705882,0.5697116851806641,0.5,76.0,2,scratch,0,1,6
-20d,-20.0,486,23,0.047325102880658436,0.06988641641368606,0.6511409522020847,0.12274368231046931,0.06692913385826772,0.7391304347826086,0.13414634146341464,0.47266238927841187,0.5,80.0,1,scratch,0,1,6
-10d,-10.0,486,23,0.047325102880658436,0.08485517797000386,0.6809090055404263,0.1297709923664122,0.07112970711297072,0.7391304347826086,0.1728395061728395,0.5491253733634949,0.5,81.0,1,scratch,0,1,6
+0d,0.0,486,23,0.047325102880658436,0.11404666074900208,0.6816602497887125,0.1452513966480447,0.08333333333333333,0.5652173913043478,0.15384615384615383,0.5020207762718201,0.5,84.0,0,scratch,0,1,6
+20d,20.0,486,23,0.047325102880658436,0.06639751055385923,0.6471030143675462,0.10256410256410256,0.06015037593984962,0.34782608695652173,0.1350210970464135,0.4895395040512085,0.5,87.0,0,scratch,0,1,6
+50d,50.0,486,23,0.047325102880658436,0.055633862116855205,0.5983660437599775,0.09852216748768473,0.05555555555555555,0.43478260869565216,0.13333333333333336,0.4703403115272522,0.5,92.0,0,scratch,0,1,6
+100d,100.0,486,23,0.047325102880658436,0.05689321604653698,0.6086956521739131,0.12648221343873517,0.06956521739130435,0.6956521739130435,0.13818181818181818,0.4954637885093689,0.5,97.0,0,scratch,0,1,6
full,,486,23,0.047325102880658436,0.11561938974376718,0.7673020940933422,0.14035087719298245,0.07633587786259542,0.8695652173913043,0.20895522388059704,0.568453311920166,0.5,152.0,0,scratch,0,1,6
-50d,-50.0,488,24,0.04918032786885246,0.13800123979024978,0.7639188218390804,0.16393442622950818,0.09090909090909091,0.8333333333333334,0.2696629213483146,0.7098876237869263,0.5,72.0,5,scratch,0,2,33
-20d,-20.0,488,24,0.04918032786885246,0.13411992130896336,0.7561961206896552,0.15767634854771784,0.08755760368663594,0.7916666666666666,0.2608695652173913,0.7007665038108826,0.5,75.0,1,scratch,0,2,33
-10d,-10.0,488,24,0.04918032786885246,0.13372145096116939,0.7540409482758621,0.16101694915254236,0.08962264150943396,0.7916666666666666,0.275,0.7007665038108826,0.5,76.0,1,scratch,0,2,33
+0d,0.0,488,24,0.04918032786885246,0.18862328915465415,0.7549389367816092,0.1643835616438356,0.09230769230769231,0.75,0.2823529411764706,0.6722017526626587,0.5,78.0,0,scratch,0,2,33
+20d,20.0,488,24,0.04918032786885246,0.14905370735301143,0.7526041666666666,0.1643835616438356,0.09230769230769231,0.75,0.30769230769230765,0.6864572167396545,0.5,82.0,0,scratch,0,2,33
+50d,50.0,488,24,0.04918032786885246,0.1264956387732364,0.7408405172413793,0.16589861751152074,0.09326424870466321,0.75,0.2857142857142857,0.6687684059143066,0.5,85.5,0,scratch,0,2,33
+100d,100.0,488,24,0.04918032786885246,0.14020958368740036,0.7388649425287357,0.15966386554621848,0.08878504672897196,0.7916666666666666,0.2564102564102564,0.6935783624649048,0.5,90.5,0,scratch,0,2,33
full,,488,24,0.04918032786885246,0.09810663890163793,0.7266522988505747,0.16379310344827586,0.09134615384615384,0.7916666666666666,0.20512820512820512,0.7043357491493225,0.5,148.0,0,scratch,0,2,33
-50d,-50.0,487,24,0.049281314168377825,0.07591115644748825,0.6780957523398128,0.1360544217687075,0.07407407407407407,0.8333333333333334,0.18181818181818185,0.6106063723564148,0.5,67.0,7,scratch,0,3,16
-20d,-20.0,487,24,0.049281314168377825,0.06883057807477862,0.6492980561555075,0.1357142857142857,0.07421875,0.7916666666666666,0.1509433962264151,0.5715726613998413,0.5,69.0,2,scratch,0,3,16
-10d,-10.0,487,24,0.049281314168377825,0.07137536544934395,0.6491180705543557,0.13533834586466165,0.0743801652892562,0.75,0.14406779661016947,0.5134503841400146,0.5,71.0,1,scratch,0,3,16
+0d,0.0,487,24,0.049281314168377825,0.0723682530723381,0.6534377249820015,0.12307692307692308,0.07017543859649122,0.5,0.1527272727272727,0.47200071811676025,0.5,74.0,0,scratch,0,3,16
+20d,20.0,487,24,0.049281314168377825,0.06474947746165283,0.6220302375809935,0.09803921568627451,0.05555555555555555,0.4166666666666667,0.1486988847583643,0.4792957901954651,0.5,77.0,0,scratch,0,3,16
+50d,50.0,487,24,0.049281314168377825,0.06115043838362281,0.6144708423326135,0.12605042016806722,0.07009345794392523,0.625,0.14659685863874344,0.5159434676170349,0.5,82.0,0,scratch,0,3,16
+100d,100.0,487,24,0.049281314168377825,0.07911496068100274,0.6559575233981282,0.1328125,0.07327586206896551,0.7083333333333334,0.15384615384615383,0.5160746574401855,0.5,86.0,0,scratch,0,3,16
full,,487,24,0.049281314168377825,0.0936390240337368,0.7168826493880489,0.13380281690140844,0.07307692307692308,0.7916666666666666,0.1986754966887417,0.6317330002784729,0.5,147.0,0,scratch,0,3,16
-50d,-50.0,486,23,0.047325102880658436,0.10868660277087344,0.6180862052774908,0.10752688172043011,0.06134969325153374,0.43478260869565216,0.15748031496062992,0.5081411004066467,0.5,72.0,1,scratch,0,4,3
-20d,-20.0,486,23,0.047325102880658436,0.0495803236167459,0.49084421072401163,0.1044776119402985,0.06306306306306306,0.30434782608695654,0.10810810810810811,0.49670928716659546,0.5,75.5,1,scratch,0,4,3
-10d,-10.0,486,23,0.047325102880658436,0.04835807573105674,0.46379941778570755,0.06060606060606061,0.039473684210526314,0.13043478260869565,0.09815950920245398,0.48155835270881653,0.5,77.0,1,scratch,0,4,3
+0d,0.0,486,23,0.047325102880658436,0.042635224106501876,0.3964691520330548,0.0,0.0,0.0,0.09349593495934959,0.4193240702152252,0.5,80.5,0,scratch,0,4,3
+20d,20.0,486,23,0.047325102880658436,0.03912436961415275,0.3755282186120762,0.0,0.0,0.0,0.09406952965235174,0.4193240702152252,0.5,83.0,0,scratch,0,4,3
+50d,50.0,486,23,0.047325102880658436,0.032333922142792564,0.2978683444454878,0.0,0.0,0.0,0.092,0.4146777093410492,0.5,89.0,0,scratch,0,4,3
+100d,100.0,486,23,0.047325102880658436,0.03323749043242533,0.3051929758662785,0.0,0.0,0.0,0.09181636726546907,0.4146777093410492,0.5,94.0,0,scratch,0,4,3
full,,486,23,0.047325102880658436,0.06599236661212618,0.6257864588224246,0.1218274111675127,0.06896551724137931,0.5217391304347826,0.1348314606741573,0.5030872225761414,0.5,147.0,0,scratch,0,4,3
-50d,-50.0,487,24,0.049281314168377825,0.09612712080088157,0.630669546436285,0.13138686131386862,0.072,0.75,0.2105263157894737,0.6624382138252258,0.5,72.0,1,scratch,1,0,11
-20d,-20.0,487,24,0.049281314168377825,0.09410252935894495,0.6566774658027358,0.13768115942028986,0.07539682539682539,0.7916666666666666,0.18181818181818182,0.6629856824874878,0.5,75.0,0,scratch,1,0,11
-10d,-10.0,487,24,0.049281314168377825,0.1431848839293298,0.6716162706983442,0.1423487544483986,0.07782101167315175,0.8333333333333334,0.19354838709677416,0.6629856824874878,0.5,76.0,0,scratch,1,0,11
+0d,0.0,487,24,0.049281314168377825,0.15309216634379885,0.7047336213102952,0.14788732394366197,0.08076923076923077,0.875,0.2,0.65278559923172,0.5,79.0,0,scratch,1,0,11
+20d,20.0,487,24,0.049281314168377825,0.07504286478300909,0.6773758099352052,0.14583333333333334,0.07954545454545454,0.875,0.15028901734104047,0.5891739726066589,0.5,81.0,0,scratch,1,0,11
+50d,50.0,487,24,0.049281314168377825,0.0651242998878129,0.6443484521238301,0.14482758620689656,0.07894736842105263,0.875,0.14715719063545152,0.4567762315273285,0.5,85.0,0,scratch,1,0,11
+100d,100.0,487,24,0.049281314168377825,0.1070789072656964,0.6511879049676026,0.14482758620689656,0.07894736842105263,0.875,0.14765100671140938,0.4567762315273285,0.5,91.0,0,scratch,1,0,11
full,,487,24,0.049281314168377825,0.12709482673579767,0.7401007919366451,0.15254237288135594,0.08490566037735849,0.75,0.2105263157894737,0.6532688736915588,0.5,152.0,0,scratch,1,0,11
-50d,-50.0,486,23,0.047325102880658436,0.08023809179109506,0.673866090712743,0.1328125,0.07296137339055794,0.7391304347826086,0.1506849315068493,0.46411019563674927,0.5,76.0,2,scratch,1,1,9
-20d,-20.0,486,23,0.047325102880658436,0.08603912528295765,0.6824114940369987,0.13229571984435798,0.07264957264957266,0.7391304347826086,0.1506849315068493,0.4646029472351074,0.5,80.0,1,scratch,1,1,9
-10d,-10.0,486,23,0.047325102880658436,0.08455473672655212,0.6793126115128181,0.13178294573643412,0.07234042553191489,0.7391304347826086,0.1506849315068493,0.4646029472351074,0.5,81.0,1,scratch,1,1,9
+0d,0.0,486,23,0.047325102880658436,0.08238475079803097,0.6796882336369612,0.13688212927756654,0.075,0.782608695652174,0.15017064846416384,0.4683544635772705,0.5,84.0,0,scratch,1,1,9
+20d,20.0,486,23,0.047325102880658436,0.08229328330632237,0.6803455723542117,0.13584905660377358,0.0743801652892562,0.782608695652174,0.14965986394557823,0.4683544635772705,0.5,87.0,0,scratch,1,1,9
+50d,50.0,486,23,0.047325102880658436,0.0827480733208783,0.6816602497887125,0.13382899628252787,0.07317073170731707,0.782608695652174,0.1491525423728814,0.4683544635772705,0.5,92.0,0,scratch,1,1,9
+100d,100.0,486,23,0.047325102880658436,0.08180930508257288,0.6821297774438915,0.13382899628252787,0.07317073170731707,0.782608695652174,0.1491525423728814,0.4683544635772705,0.5,97.0,0,scratch,1,1,9
full,,486,23,0.047325102880658436,0.07665748306784727,0.7052305380786928,0.15,0.08294930875576037,0.782608695652174,0.16603773584905662,0.4708273112773895,0.5,152.0,0,scratch,1,1,9
-50d,-50.0,488,24,0.04918032786885246,0.10030560688017455,0.711566091954023,0.1619047619047619,0.0913978494623656,0.7083333333333334,0.1727272727272727,0.4917394518852234,0.5,72.0,5,scratch,1,2,33
-20d,-20.0,488,24,0.04918032786885246,0.12386752601155678,0.7127334770114943,0.16822429906542055,0.09473684210526316,0.75,0.18181818181818182,0.5108238458633423,0.5,75.0,1,scratch,1,2,33
-10d,-10.0,488,24,0.04918032786885246,0.1392614264194616,0.7141702586206897,0.16981132075471697,0.09574468085106383,0.75,0.1846153846153846,0.5130646824836731,0.5,76.0,1,scratch,1,2,33
+0d,0.0,488,24,0.04918032786885246,0.14145432302408453,0.735003591954023,0.16346153846153846,0.09239130434782608,0.7083333333333334,0.19999999999999998,0.5500357151031494,0.5,78.0,0,scratch,1,2,33
+20d,20.0,488,24,0.04918032786885246,0.1825185944416889,0.7341056034482758,0.17258883248730963,0.09826589595375723,0.7083333333333334,0.2142857142857143,0.549845278263092,0.5,82.0,0,scratch,1,2,33
+50d,50.0,488,24,0.04918032786885246,0.13806542694659696,0.7148886494252874,0.17801047120418848,0.10179640718562874,0.7083333333333334,0.20289855072463764,0.541130781173706,0.5,85.5,0,scratch,1,2,33
+100d,100.0,488,24,0.04918032786885246,0.09602925518918647,0.7076149425287356,0.17708333333333334,0.10119047619047619,0.7083333333333334,0.1836734693877551,0.49628394842147827,0.5,90.5,0,scratch,1,2,33
full,,488,24,0.04918032786885246,0.10408879831107848,0.7510775862068966,0.20618556701030927,0.11764705882352941,0.8333333333333334,0.2352941176470588,0.5475656986236572,0.5,148.0,0,scratch,1,2,33
-50d,-50.0,487,24,0.049281314168377825,0.0918108654428526,0.701493880489561,0.13043478260869565,0.07046979865771812,0.875,0.2162162162162162,0.6166437268257141,0.5,67.0,7,scratch,1,3,16
-20d,-20.0,487,24,0.049281314168377825,0.08485878663414223,0.6743160547156228,0.12883435582822086,0.0695364238410596,0.875,0.17073170731707318,0.6185969710350037,0.5,69.0,2,scratch,1,3,16
-10d,-10.0,487,24,0.049281314168377825,0.09217472000737621,0.6684665226781857,0.12844036697247707,0.06930693069306931,0.875,0.16326530612244897,0.62164306640625,0.5,71.0,1,scratch,1,3,16
+0d,0.0,487,24,0.049281314168377825,0.11544390651293704,0.6699064074874009,0.13043478260869565,0.07046979865771812,0.875,0.20408163265306126,0.5885122418403625,0.5,74.0,0,scratch,1,3,16
+20d,20.0,487,24,0.049281314168377825,0.09779711291127127,0.6551475881929445,0.12618296529968454,0.06825938566552901,0.8333333333333334,0.16666666666666666,0.5895436406135559,0.5,77.0,0,scratch,1,3,16
+50d,50.0,487,24,0.049281314168377825,0.06636384165254054,0.6044816414686826,0.12101910828025478,0.06551724137931035,0.7916666666666666,0.1348973607038123,0.4778273403644562,0.5,82.0,0,scratch,1,3,16
+100d,100.0,487,24,0.049281314168377825,0.06986931408358646,0.6257199424046076,0.11949685534591195,0.06462585034013606,0.7916666666666666,0.13818181818181818,0.5193735957145691,0.5,86.0,0,scratch,1,3,16
full,,487,24,0.049281314168377825,0.09619519854279578,0.7114830813534917,0.1346153846153846,0.07291666666666667,0.875,0.17647058823529416,0.5929093360900879,0.5,147.0,0,scratch,1,3,16
-50d,-50.0,486,23,0.047325102880658436,0.09222147777437142,0.653112968353836,0.11369509043927649,0.06043956043956044,0.9565217391304348,0.18604651162790697,0.6182486414909363,0.5,72.0,1,scratch,1,4,4
-20d,-20.0,486,23,0.047325102880658436,0.06293113544834657,0.556296365855949,0.1134020618556701,0.06027397260273973,0.9565217391304348,0.13071895424836602,0.5988350510597229,0.5,75.5,1,scratch,1,4,4
-10d,-10.0,486,23,0.047325102880658436,0.05425459811276623,0.5154474598553855,0.1134020618556701,0.06027397260273973,0.9565217391304348,0.11671087533156499,0.5437064170837402,0.5,77.0,1,scratch,1,4,4
+0d,0.0,486,23,0.047325102880658436,0.04931030751609778,0.5181707202554231,0.11282051282051282,0.05994550408719346,0.9565217391304348,0.11578947368421054,0.5364813804626465,0.5,80.5,0,scratch,1,4,4
+20d,20.0,486,23,0.047325102880658436,0.05111850249802827,0.523241618931355,0.11253196930946291,0.059782608695652176,0.9565217391304348,0.11702127659574468,0.5364813804626465,0.5,83.0,0,scratch,1,4,4
+50d,50.0,486,23,0.047325102880658436,0.04041444143156005,0.4428584843647291,0.11253196930946291,0.059782608695652176,0.9565217391304348,0.11548556430446193,0.535243034362793,0.5,89.0,0,scratch,1,4,4
+100d,100.0,486,23,0.047325102880658436,0.039727769350142175,0.43243497041975776,0.11224489795918367,0.05962059620596206,0.9565217391304348,0.11398963730569948,0.535243034362793,0.5,94.0,0,scratch,1,4,4
full,,486,23,0.047325102880658436,0.08690809833981852,0.683162738285285,0.12256267409470752,0.06547619047619048,0.9565217391304348,0.15942028985507248,0.6070367693901062,0.5,147.0,0,scratch,1,4,4
-50d,-50.0,487,24,0.049281314168377825,0.0997171273036835,0.6525377969762419,0.12903225806451613,0.07142857142857142,0.6666666666666666,0.1818181818181818,0.5462052226066589,0.5,72.0,1,scratch,2,0,5
-20d,-20.0,487,24,0.049281314168377825,0.09400230370755287,0.6456083513318934,0.11594202898550725,0.06557377049180328,0.5,0.1728395061728395,0.5382733941078186,0.5,75.0,0,scratch,2,0,5
-10d,-10.0,487,24,0.049281314168377825,0.14624882250553087,0.6618070554355652,0.15384615384615385,0.09090909090909091,0.5,0.21818181818181817,0.5382733941078186,0.5,76.0,0,scratch,2,0,5
+0d,0.0,487,24,0.049281314168377825,0.13374401549489653,0.7135529157667386,0.15873015873015872,0.1282051282051282,0.20833333333333334,0.23076923076923078,0.4917350709438324,0.5,79.0,0,scratch,2,0,5
+20d,20.0,487,24,0.049281314168377825,0.07274152401753718,0.6399388048956084,0.05128205128205128,0.06666666666666667,0.041666666666666664,0.1443298969072165,0.48109516501426697,0.5,81.0,0,scratch,2,0,5
+50d,50.0,487,24,0.049281314168377825,0.049537001420576515,0.5298776097912167,0.0,0.0,0.0,0.12324929971988796,0.45496004819869995,0.5,85.0,0,scratch,2,0,5
+100d,100.0,487,24,0.049281314168377825,0.0574049271986722,0.5378869690424766,0.038461538461538464,0.025,0.08333333333333333,0.12105263157894737,0.45621055364608765,0.5,91.0,0,scratch,2,0,5
full,,487,24,0.049281314168377825,0.0710396098237907,0.6627069834413247,0.14715719063545152,0.08,0.9166666666666666,0.149812734082397,0.5129067301750183,0.5,152.0,0,scratch,2,0,5
-50d,-50.0,486,23,0.047325102880658436,0.0996405766150465,0.6748051460231007,0.15,0.0847457627118644,0.6521739130434783,0.1818181818181818,0.5488053560256958,0.5,76.0,2,scratch,2,1,6
-20d,-20.0,486,23,0.047325102880658436,0.06886307673456703,0.6056906751807681,0.11842105263157894,0.06976744186046512,0.391304347826087,0.16666666666666666,0.5487471222877502,0.5,80.0,1,scratch,2,1,6
-10d,-10.0,486,23,0.047325102880658436,0.08399750528667568,0.6182740163395624,0.1553398058252427,0.1,0.34782608695652173,0.1846153846153846,0.537567675113678,0.5,81.0,1,scratch,2,1,6
+0d,0.0,486,23,0.047325102880658436,0.06028263446191947,0.5293454784486806,0.05263157894736842,0.06666666666666667,0.043478260869565216,0.10679611650485438,0.4216352105140686,0.5,84.0,0,scratch,2,1,6
+20d,20.0,486,23,0.047325102880658436,0.048128952158112394,0.49337966006197764,0.0,0.0,0.0,0.10031347962382445,0.40708398818969727,0.5,87.0,0,scratch,2,1,6
+50d,50.0,486,23,0.047325102880658436,0.041745422413539714,0.44849281622687576,0.0,0.0,0.0,0.09725158562367865,0.3864416480064392,0.5,92.0,0,scratch,2,1,6
+100d,100.0,486,23,0.047325102880658436,0.04439075460347031,0.48906000563433183,0.0,0.0,0.0,0.10638297872340426,0.4267367422580719,0.5,97.0,0,scratch,2,1,6
full,,486,23,0.047325102880658436,0.10243473700899651,0.7361254577894638,0.15833333333333333,0.08755760368663594,0.8260869565217391,0.2096774193548387,0.5454433560371399,0.5,152.0,0,scratch,2,1,6
-50d,-50.0,488,24,0.04918032786885246,0.13181875001874394,0.6992636494252874,0.14457831325301204,0.08,0.75,0.24390243902439027,0.5456392765045166,0.5,72.0,5,scratch,2,2,4
-20d,-20.0,488,24,0.04918032786885246,0.11984925144769984,0.6702586206896552,0.14213197969543148,0.08092485549132948,0.5833333333333334,0.20833333333333334,0.5404744148254395,0.5,75.0,1,scratch,2,2,4
-10d,-10.0,488,24,0.04918032786885246,0.10504940422049303,0.6608297413793104,0.12345679012345678,0.07246376811594203,0.4166666666666667,0.16326530612244897,0.5379167199134827,0.5,76.0,1,scratch,2,2,4
+0d,0.0,488,24,0.04918032786885246,0.09319717927067273,0.6077586206896551,0.11428571428571428,0.08695652173913043,0.16666666666666666,0.1904761904761905,0.5192572474479675,0.5,78.0,0,scratch,2,2,4
+20d,20.0,488,24,0.04918032786885246,0.0562040400575036,0.5670797413793103,0.0,0.0,0.0,0.12582781456953643,0.4518612027168274,0.5,82.0,0,scratch,2,2,4
+50d,50.0,488,24,0.04918032786885246,0.04966293347629393,0.5035919540229885,0.0,0.0,0.0,0.1088082901554404,0.45171502232551575,0.5,85.5,0,scratch,2,2,4
+100d,100.0,488,24,0.04918032786885246,0.05989240744085894,0.569055316091954,0.12030075187969924,0.07339449541284404,0.3333333333333333,0.13333333333333333,0.5044893622398376,0.5,90.5,0,scratch,2,2,4
full,,488,24,0.04918032786885246,0.07317886178434381,0.6804956896551724,0.15714285714285714,0.0859375,0.9166666666666666,0.1746031746031746,0.5113565325737,0.5,148.0,0,scratch,2,2,4
-50d,-50.0,487,24,0.049281314168377825,0.09789007467849026,0.6596472282217423,0.15300546448087432,0.0880503144654088,0.5833333333333334,0.23655913978494622,0.519859790802002,0.5,67.0,7,scratch,2,3,4
-20d,-20.0,487,24,0.049281314168377825,0.07431750287298797,0.5999820014398849,0.14864864864864866,0.08870967741935484,0.4583333333333333,0.1574803149606299,0.5051560997962952,0.5,69.0,2,scratch,2,3,4
-10d,-10.0,487,24,0.049281314168377825,0.07065715116156385,0.548956083513319,0.17647058823529413,0.11538461538461539,0.375,0.17821782178217824,0.5006759762763977,0.5,71.0,1,scratch,2,3,4
+0d,0.0,487,24,0.049281314168377825,0.0622625279649279,0.5163786897048236,0.06060606060606061,0.1111111111111111,0.041666666666666664,0.14285714285714288,0.45262324810028076,0.5,74.0,0,scratch,2,3,4
+20d,20.0,487,24,0.049281314168377825,0.06334004463832443,0.41036717062634986,0.06896551724137931,0.2,0.041666666666666664,0.09756097560975609,0.4741899371147156,0.5,77.0,0,scratch,2,3,4
+50d,50.0,487,24,0.049281314168377825,0.035859632354618705,0.34539236861051115,0.0,0.0,0.0,0.09504950495049505,0.3776070177555084,0.5,82.0,0,scratch,2,3,4
+100d,100.0,487,24,0.049281314168377825,0.0501875510352114,0.45671346292296616,0.0,0.0,0.0,0.12244897959183673,0.4862223267555237,0.5,86.0,0,scratch,2,3,4
full,,487,24,0.049281314168377825,0.08240321503879036,0.699244060475162,0.13756613756613756,0.07878787878787878,0.5416666666666666,0.16,0.4712088108062744,0.5,147.0,0,scratch,2,3,4
-50d,-50.0,486,23,0.047325102880658436,0.07999577311469513,0.6418443046295427,0.11382113821138211,0.07,0.30434782608695654,0.15384615384615383,0.49403589963912964,0.5,72.0,1,scratch,2,4,2
-20d,-20.0,486,23,0.047325102880658436,0.07464774984821522,0.544839891069584,0.125,0.0821917808219178,0.2608695652173913,0.15789473684210525,0.5029128193855286,0.5,75.5,1,scratch,2,4,2
-10d,-10.0,486,23,0.047325102880658436,0.06019463331226331,0.49460043196544273,0.057971014492753624,0.043478260869565216,0.08695652173913043,0.12121212121212122,0.5091150999069214,0.5,77.0,1,scratch,2,4,2
+0d,0.0,486,23,0.047325102880658436,0.04553991776217046,0.407362193633205,0.0,0.0,0.0,0.09803921568627452,0.467761367559433,0.5,80.5,0,scratch,2,4,2
+20d,20.0,486,23,0.047325102880658436,0.04343471108880313,0.39421541928819603,0.0,0.0,0.0,0.0931174089068826,0.40814074873924255,0.5,83.0,0,scratch,2,4,2
+50d,50.0,486,23,0.047325102880658436,0.03296174096018161,0.3070710864869941,0.0,0.0,0.0,0.09163346613545816,0.40354880690574646,0.5,89.0,0,scratch,2,4,2
+100d,100.0,486,23,0.047325102880658436,0.033516617362833415,0.30472344821109965,0.0,0.0,0.0,0.09145129224652089,0.40354880690574646,0.5,94.0,0,scratch,2,4,2
full,,486,23,0.047325102880658436,0.08263849861604046,0.5965818386702977,0.10434782608695652,0.06521739130434782,0.2608695652173913,0.13953488372093023,0.5040495991706848,0.5,147.0,0,scratch,2,4,2
-50d,-50.0,487,24,0.049281314168377825,0.09108154166674297,0.7053635709143269,0.14563106796116504,0.08241758241758242,0.625,0.1739130434782609,0.7049705386161804,0.5,72.0,1,frozen,0,0,29
-20d,-20.0,487,24,0.049281314168377825,0.11839110307526307,0.7643988480921525,0.18947368421052632,0.10843373493975904,0.75,0.19354838709677416,0.5207088589668274,0.5,75.0,0,frozen,0,0,29
-10d,-10.0,487,24,0.049281314168377825,0.18002658631089025,0.790856731461483,0.19540229885057472,0.11333333333333333,0.7083333333333334,0.23214285714285715,0.6367026567459106,0.5,76.0,0,frozen,0,0,29
+0d,0.0,487,24,0.049281314168377825,0.1898903973770708,0.8117350611951044,0.2206896551724138,0.1322314049586777,0.6666666666666666,0.2608695652173913,0.6473004221916199,0.5,79.0,0,frozen,0,0,29
+20d,20.0,487,24,0.049281314168377825,0.2601723296643618,0.8408927285817134,0.2647058823529412,0.16071428571428573,0.75,0.2903225806451613,0.5502327680587769,0.5,81.0,0,frozen,0,0,29
+50d,50.0,487,24,0.049281314168377825,0.3872796956257623,0.8896688264938805,0.3076923076923077,0.1935483870967742,0.75,0.4166666666666667,0.8715002536773682,0.5,85.0,0,frozen,0,0,29
+100d,100.0,487,24,0.049281314168377825,0.425605304392626,0.898218142548596,0.32432432432432434,0.20689655172413793,0.75,0.5084745762711864,0.8014001250267029,0.5,91.0,0,frozen,0,0,29
full,,487,24,0.049281314168377825,0.45386802592548225,0.9107271418286536,0.34615384615384615,0.225,0.75,0.45614035087719296,0.8259117603302002,0.5,152.0,0,frozen,0,0,29
-50d,-50.0,486,23,0.047325102880658436,0.19699157940470818,0.8306883275424922,0.19689119170984457,0.11176470588235295,0.8260869565217391,0.25,0.7894511222839355,0.5,76.0,2,frozen,0,1,22
-20d,-20.0,486,23,0.047325102880658436,0.18770765872812184,0.8250539956803455,0.19540229885057472,0.11258278145695365,0.7391304347826086,0.2708333333333333,0.6693823337554932,0.5,80.0,1,frozen,0,1,22
-10d,-10.0,486,23,0.047325102880658436,0.21446665393010214,0.8582026481359752,0.22077922077922077,0.1297709923664122,0.7391304347826086,0.36363636363636365,0.727146327495575,0.5,81.0,1,frozen,0,1,22
+0d,0.0,486,23,0.047325102880658436,0.20467854352603143,0.8743543994741291,0.27692307692307694,0.16822429906542055,0.782608695652174,0.3291139240506329,0.663885772228241,0.5,84.0,0,frozen,0,1,22
+20d,20.0,486,23,0.047325102880658436,0.18779705792196058,0.8632735468119073,0.2677165354330709,0.16346153846153846,0.7391304347826086,0.32,0.7036237120628357,0.5,87.0,0,frozen,0,1,22
+50d,50.0,486,23,0.047325102880658436,0.3256048987400923,0.9180204714057658,0.35514018691588783,0.2261904761904762,0.8260869565217391,0.4533333333333333,0.6899284720420837,0.5,92.0,0,frozen,0,1,22
+100d,100.0,486,23,0.047325102880658436,0.3980307207322273,0.9242182364541272,0.3958333333333333,0.2602739726027397,0.8260869565217391,0.47457627118644075,0.7690113186836243,0.5,97.0,0,frozen,0,1,22
full,,486,23,0.047325102880658436,0.49188460131900386,0.914545966757442,0.3619047619047619,0.23170731707317074,0.8260869565217391,0.5581395348837209,0.8818865418434143,0.5,152.0,0,frozen,0,1,22
-50d,-50.0,488,24,0.04918032786885246,0.15555758934217626,0.8193247126436782,0.19298245614035087,0.10784313725490197,0.9166666666666666,0.2727272727272727,0.7141838669776917,0.5,72.0,5,frozen,0,2,50
-20d,-20.0,488,24,0.04918032786885246,0.1536086588698211,0.8094468390804597,0.19900497512437812,0.11299435028248588,0.8333333333333334,0.27450980392156865,0.7704362869262695,0.5,75.0,1,frozen,0,2,50
-10d,-10.0,488,24,0.04918032786885246,0.15062625323468404,0.8163613505747125,0.19047619047619047,0.10909090909090909,0.75,0.26415094339622647,0.7704362869262695,0.5,76.0,1,frozen,0,2,50
+0d,0.0,488,24,0.04918032786885246,0.22865179835065003,0.8641343390804597,0.2360248447204969,0.1386861313868613,0.7916666666666666,0.33333333333333337,0.7071276903152466,0.5,78.0,0,frozen,0,2,50
+20d,20.0,488,24,0.04918032786885246,0.26785401400023745,0.8775143678160919,0.2753623188405797,0.16666666666666666,0.7916666666666666,0.32142857142857145,0.8455021381378174,0.5,82.0,0,frozen,0,2,50
+50d,50.0,488,24,0.04918032786885246,0.424160698268892,0.9304956896551724,0.34710743801652894,0.21649484536082475,0.875,0.5,0.8384641408920288,0.5,85.5,0,frozen,0,2,50
+100d,100.0,488,24,0.04918032786885246,0.3877231459962479,0.9263649425287357,0.3333333333333333,0.2111111111111111,0.7916666666666666,0.5070422535211269,0.8175827264785767,0.5,90.5,0,frozen,0,2,50
full,,488,24,0.04918032786885246,0.42349765119241456,0.9504310344827586,0.37606837606837606,0.23655913978494625,0.9166666666666666,0.547945205479452,0.7702770233154297,0.5,148.0,0,frozen,0,2,50
-50d,-50.0,487,24,0.049281314168377825,0.18072275363844384,0.7374010079193665,0.16289592760180996,0.09137055837563451,0.75,0.2,0.6907531023025513,0.5,67.0,7,frozen,0,3,29
-20d,-20.0,487,24,0.049281314168377825,0.1591746709338444,0.7257019438444925,0.1650485436893204,0.09340659340659341,0.7083333333333334,0.19354838709677416,0.8840184807777405,0.5,69.0,2,frozen,0,3,29
-10d,-10.0,487,24,0.049281314168377825,0.17728486349595926,0.7546796256299496,0.1945945945945946,0.11180124223602485,0.75,0.20809248554913296,0.5288380980491638,0.5,71.0,1,frozen,0,3,29
+0d,0.0,487,24,0.049281314168377825,0.24064166064248108,0.8187544996400288,0.2222222222222222,0.13333333333333333,0.6666666666666666,0.30588235294117644,0.6648270487785339,0.5,74.0,0,frozen,0,3,29
+20d,20.0,487,24,0.049281314168377825,0.20667029876119597,0.8492620590352772,0.26865671641791045,0.16363636363636364,0.75,0.31746031746031744,0.8200908899307251,0.5,77.0,0,frozen,0,3,29
+50d,50.0,487,24,0.049281314168377825,0.2957253239202021,0.8852591792656587,0.3125,0.19230769230769232,0.8333333333333334,0.4193548387096774,0.8452916741371155,0.5,82.0,0,frozen,0,3,29
+100d,100.0,487,24,0.049281314168377825,0.37049458041908784,0.8937185025197985,0.3114754098360656,0.19387755102040816,0.7916666666666666,0.4516129032258065,0.8354296088218689,0.5,86.0,0,frozen,0,3,29
full,,487,24,0.049281314168377825,0.4631035423381971,0.9108171346292296,0.3090909090909091,0.19767441860465115,0.7083333333333334,0.5245901639344263,0.7995790839195251,0.5,147.0,0,frozen,0,3,29
-50d,-50.0,486,23,0.047325102880658436,0.08583557432496697,0.722509155789276,0.15384615384615385,0.08530805687203792,0.782608695652174,0.17582417582417584,0.622818112373352,0.5,72.0,1,frozen,0,4,38
-20d,-20.0,486,23,0.047325102880658436,0.14323901908745462,0.7640154005070898,0.16,0.0891089108910891,0.782608695652174,0.23529411764705882,0.7991052865982056,0.5,75.5,1,frozen,0,4,38
-10d,-10.0,486,23,0.047325102880658436,0.16411159195329897,0.7656117945346981,0.1650485436893204,0.09289617486338798,0.7391304347826086,0.24242424242424243,0.8506607413291931,0.5,77.0,1,frozen,0,4,38
+0d,0.0,486,23,0.047325102880658436,0.24654820394882304,0.8255235233355245,0.20540540540540542,0.11728395061728394,0.8260869565217391,0.30000000000000004,0.8056308031082153,0.5,80.5,0,frozen,0,4,38
+20d,20.0,486,23,0.047325102880658436,0.32154263482585893,0.8759507935017372,0.25477707006369427,0.14925373134328357,0.8695652173913043,0.4,0.8536982536315918,0.5,83.0,0,frozen,0,4,38
+50d,50.0,486,23,0.047325102880658436,0.3448478253658258,0.9107897455160109,0.31496062992125984,0.19230769230769232,0.8695652173913043,0.4390243902439025,0.7506770491600037,0.5,89.0,0,frozen,0,4,38
+100d,100.0,486,23,0.047325102880658436,0.35067399966934487,0.9166118884402292,0.33613445378151263,0.20833333333333334,0.8695652173913043,0.4571428571428571,0.8101348876953125,0.5,94.0,0,frozen,0,4,38
full,,486,23,0.047325102880658436,0.6145328209582802,0.9370832942060288,0.3669724770642202,0.23255813953488372,0.8695652173913043,0.6153846153846153,0.9178652167320251,0.5,147.0,0,frozen,0,4,38
-50d,-50.0,487,24,0.049281314168377825,0.08386792325611167,0.6937544996400289,0.16589861751152074,0.09326424870466321,0.75,0.1724137931034483,0.4452230632305145,0.5,72.0,1,frozen,1,0,3
-20d,-20.0,487,24,0.049281314168377825,0.0947312567549203,0.7311015118790497,0.1722488038277512,0.0972972972972973,0.75,0.1864406779661017,0.6735302805900574,0.5,75.0,0,frozen,1,0,3
-10d,-10.0,487,24,0.049281314168377825,0.11914239239640564,0.7444204463642908,0.18095238095238095,0.10215053763440861,0.7916666666666666,0.2037037037037037,0.6809071898460388,0.5,76.0,0,frozen,1,0,3
+0d,0.0,487,24,0.049281314168377825,0.1258558958392731,0.7506299496040317,0.18269230769230768,0.10326086956521739,0.7916666666666666,0.20869565217391306,0.6884029507637024,0.5,79.0,0,frozen,1,0,3
+20d,20.0,487,24,0.049281314168377825,0.16551970421716716,0.7782577393808496,0.19289340101522842,0.10982658959537572,0.7916666666666666,0.25263157894736843,0.7115731239318848,0.5,81.0,0,frozen,1,0,3
+50d,50.0,487,24,0.049281314168377825,0.28657840634460346,0.8116450683945284,0.22085889570552147,0.12949640287769784,0.75,0.3508771929824562,0.7645967602729797,0.5,85.0,0,frozen,1,0,3
+100d,100.0,487,24,0.049281314168377825,0.267452828337711,0.8196544276457882,0.2517482517482518,0.15126050420168066,0.75,0.3461538461538462,0.7553499341011047,0.5,91.0,0,frozen,1,0,3
full,,487,24,0.049281314168377825,0.2955822001850219,0.8363930885529158,0.24050632911392406,0.1417910447761194,0.7916666666666666,0.37499999999999994,0.7670421004295349,0.5,152.0,0,frozen,1,0,3
-50d,-50.0,486,23,0.047325102880658436,0.18937679700890614,0.8165085923560897,0.21052631578947367,0.11976047904191617,0.8695652173913043,0.22580645161290322,0.6837278008460999,0.5,76.0,2,frozen,1,1,70
-20d,-20.0,486,23,0.047325102880658436,0.21886511657875973,0.8280589726734905,0.2033898305084746,0.11688311688311688,0.782608695652174,0.2826086956521739,0.714004397392273,0.5,80.0,1,frozen,1,1,70
-10d,-10.0,486,23,0.047325102880658436,0.18445258310269677,0.8438351018875012,0.2155688622754491,0.125,0.782608695652174,0.3132530120481928,0.7128409147262573,0.5,81.0,1,frozen,1,1,70
+0d,0.0,486,23,0.047325102880658436,0.20673949217203186,0.8581087426049394,0.23129251700680273,0.13709677419354838,0.7391304347826086,0.28888888888888886,0.7194124460220337,0.5,84.0,0,frozen,1,1,70
+20d,20.0,486,23,0.047325102880658436,0.2275241496610307,0.8395154474598554,0.24427480916030533,0.14814814814814814,0.6956521739130435,0.3,0.7693544626235962,0.5,87.0,0,frozen,1,1,70
+50d,50.0,486,23,0.047325102880658436,0.35008840055493073,0.9079725795849376,0.34285714285714286,0.21951219512195122,0.782608695652174,0.47058823529411764,0.8798830509185791,0.5,92.0,0,frozen,1,1,70
+100d,100.0,486,23,0.047325102880658436,0.3641309814386974,0.9110714621091183,0.3711340206185567,0.24324324324324326,0.782608695652174,0.4642857142857143,0.8441557884216309,0.5,97.0,0,frozen,1,1,70
full,,486,23,0.047325102880658436,0.49453283165989165,0.9166118884402292,0.38095238095238093,0.24390243902439024,0.8695652173913043,0.4782608695652174,0.9095082879066467,0.5,152.0,0,frozen,1,1,70
-50d,-50.0,488,24,0.04918032786885246,0.13700073566465143,0.8105244252873564,0.18487394957983194,0.102803738317757,0.9166666666666666,0.25316455696202533,0.7691941857337952,0.5,72.0,5,frozen,1,2,45
-20d,-20.0,488,24,0.04918032786885246,0.1530405540493236,0.8177083333333334,0.19626168224299065,0.11052631578947368,0.875,0.2571428571428572,0.766516923904419,0.5,75.0,1,frozen,1,2,45
-10d,-10.0,488,24,0.04918032786885246,0.1432380602046288,0.8185165229885059,0.1990521327014218,0.11229946524064172,0.875,0.2689075630252101,0.7102526426315308,0.5,76.0,1,frozen,1,2,45
+0d,0.0,488,24,0.04918032786885246,0.21215250718109208,0.8572198275862069,0.2222222222222222,0.12727272727272726,0.875,0.3466666666666666,0.7829877138137817,0.5,78.0,0,frozen,1,2,45
+20d,20.0,488,24,0.04918032786885246,0.27745295323100794,0.8673670977011494,0.25477707006369427,0.15037593984962405,0.8333333333333334,0.339622641509434,0.897367000579834,0.5,82.0,0,frozen,1,2,45
+50d,50.0,488,24,0.04918032786885246,0.44514732411797325,0.9179238505747127,0.3111111111111111,0.1891891891891892,0.875,0.5098039215686274,0.9031481742858887,0.5,85.5,0,frozen,1,2,45
+100d,100.0,488,24,0.04918032786885246,0.3835643923883705,0.9120869252873564,0.3089430894308943,0.1919191919191919,0.7916666666666666,0.475,0.8166898488998413,0.5,90.5,0,frozen,1,2,45
full,,488,24,0.04918032786885246,0.395942776850974,0.9454920977011495,0.3697478991596639,0.23157894736842105,0.9166666666666666,0.5675675675675675,0.8124067783355713,0.5,148.0,0,frozen,1,2,45
-50d,-50.0,487,24,0.049281314168377825,0.19598462271772216,0.7474802015838733,0.16346153846153846,0.09239130434782608,0.7083333333333334,0.21875,0.7583045959472656,0.5,67.0,7,frozen,1,3,32
-20d,-20.0,487,24,0.049281314168377825,0.12390050802269124,0.7270518358531317,0.16243654822335024,0.09248554913294797,0.6666666666666666,0.176,0.6674656867980957,0.5,69.0,2,frozen,1,3,32
-10d,-10.0,487,24,0.049281314168377825,0.1723236639632992,0.7652987760979122,0.18823529411764706,0.1095890410958904,0.6666666666666666,0.1951219512195122,0.6949269771575928,0.5,71.0,1,frozen,1,3,32
+0d,0.0,487,24,0.049281314168377825,0.21605848385721793,0.8361231101511879,0.25,0.15178571428571427,0.7083333333333334,0.2891566265060241,0.6598038673400879,0.5,74.0,0,frozen,1,3,32
+20d,20.0,487,24,0.049281314168377825,0.2308098260698283,0.8605111591072714,0.2857142857142857,0.1743119266055046,0.7916666666666666,0.326530612244898,0.6310465931892395,0.5,77.0,0,frozen,1,3,32
+50d,50.0,487,24,0.049281314168377825,0.2909977658604044,0.8966882649388048,0.35294117647058826,0.22105263157894736,0.875,0.39999999999999997,0.7184237837791443,0.5,82.0,0,frozen,1,3,32
+100d,100.0,487,24,0.049281314168377825,0.3564668464328205,0.9035277177825773,0.336283185840708,0.21348314606741572,0.7916666666666666,0.4057971014492754,0.7869769334793091,0.5,86.0,0,frozen,1,3,32
full,,487,24,0.049281314168377825,0.48540360807991134,0.9194564434845214,0.3238095238095238,0.20987654320987653,0.7083333333333334,0.5185185185185186,0.8465538024902344,0.5,147.0,0,frozen,1,3,32
-50d,-50.0,486,23,0.047325102880658436,0.08372020633071288,0.713212508216734,0.1630901287553648,0.09047619047619047,0.8260869565217391,0.18181818181818182,0.6245121359825134,0.5,72.0,1,frozen,1,4,23
-20d,-20.0,486,23,0.047325102880658436,0.1292119532483801,0.758474974175979,0.16216216216216217,0.09045226130653267,0.782608695652174,0.20168067226890757,0.7095460891723633,0.5,75.5,1,frozen,1,4,23
-10d,-10.0,486,23,0.047325102880658436,0.1789360644555754,0.7569724856794066,0.16748768472906403,0.09444444444444444,0.7391304347826086,0.20437956204379562,0.6408047080039978,0.5,77.0,1,frozen,1,4,23
+0d,0.0,486,23,0.047325102880658436,0.27491454276992466,0.8134097098319091,0.18478260869565216,0.10559006211180125,0.7391304347826086,0.2978723404255319,0.7113571763038635,0.5,80.5,0,frozen,1,4,23
+20d,20.0,486,23,0.047325102880658436,0.36551907974609893,0.8501267724668984,0.26143790849673204,0.15384615384615385,0.8695652173913043,0.380952380952381,0.9110732078552246,0.5,83.0,0,frozen,1,4,23
+50d,50.0,486,23,0.047325102880658436,0.3847973683949417,0.8903183397502112,0.3252032520325203,0.2,0.8695652173913043,0.4285714285714286,0.842682421207428,0.5,89.0,0,frozen,1,4,23
+100d,100.0,486,23,0.047325102880658436,0.4010823176126443,0.907784768522866,0.36363636363636365,0.22988505747126436,0.8695652173913043,0.5090909090909091,0.887064516544342,0.5,94.0,0,frozen,1,4,23
full,,486,23,0.047325102880658436,0.6212219125020998,0.9301342849093812,0.33962264150943394,0.21686746987951808,0.782608695652174,0.6153846153846153,0.9496291279792786,0.5,147.0,0,frozen,1,4,23
-50d,-50.0,487,24,0.049281314168377825,0.1038943113916209,0.7007739380849531,0.13658536585365855,0.07734806629834254,0.5833333333333334,0.16814159292035397,0.4083763360977173,0.5,72.0,1,frozen,2,0,32
-20d,-20.0,487,24,0.049281314168377825,0.1154600968306631,0.7528797696184306,0.1693121693121693,0.09696969696969697,0.6666666666666666,0.1890547263681592,0.45479223132133484,0.5,75.0,0,frozen,2,0,32
-10d,-10.0,487,24,0.049281314168377825,0.17141401918607618,0.7848272138228941,0.16759776536312848,0.0967741935483871,0.625,0.22222222222222224,0.6715802550315857,0.5,76.0,0,frozen,2,0,32
+0d,0.0,487,24,0.049281314168377825,0.1736312730094166,0.7984161267098632,0.2191780821917808,0.13114754098360656,0.6666666666666666,0.24096385542168672,0.6899925470352173,0.5,79.0,0,frozen,2,0,32
+20d,20.0,487,24,0.049281314168377825,0.25130082180117447,0.8282037437005039,0.25,0.15178571428571427,0.7083333333333334,0.29090909090909095,0.8423338532447815,0.5,81.0,0,frozen,2,0,32
+50d,50.0,487,24,0.049281314168377825,0.3597881712025743,0.8714902807775378,0.3,0.1875,0.75,0.4067796610169492,0.8320461511611938,0.5,85.0,0,frozen,2,0,32
+100d,100.0,487,24,0.049281314168377825,0.35306574349771186,0.8783297336213103,0.3185840707964602,0.20224719101123595,0.75,0.43999999999999995,0.8575673699378967,0.5,91.0,0,frozen,2,0,32
full,,487,24,0.049281314168377825,0.41538346928417325,0.8939884809215263,0.37383177570093457,0.24096385542168675,0.8333333333333334,0.46511627906976744,0.891459047794342,0.5,152.0,0,frozen,2,0,32
-50d,-50.0,486,23,0.047325102880658436,0.24486420790245492,0.8215794910320218,0.20212765957446807,0.11515151515151516,0.8260869565217391,0.2653061224489796,0.7176546454429626,0.5,76.0,2,frozen,2,1,96
-20d,-20.0,486,23,0.047325102880658436,0.22975580175869717,0.8233636961217016,0.18072289156626506,0.1048951048951049,0.6521739130434783,0.33333333333333337,0.7629664540290833,0.5,80.0,1,frozen,2,1,96
-10d,-10.0,486,23,0.047325102880658436,0.24121319417923626,0.8429899521081792,0.21476510067114093,0.12698412698412698,0.6956521739130435,0.3728813559322034,0.7629664540290833,0.5,81.0,1,frozen,2,1,96
+0d,0.0,486,23,0.047325102880658436,0.2095873047912415,0.852380505211757,0.23529411764705882,0.1415929203539823,0.6956521739130435,0.2898550724637681,0.7557364702224731,0.5,84.0,0,frozen,2,1,96
+20d,20.0,486,23,0.047325102880658436,0.24256772621290568,0.8397032585219268,0.2459016393442623,0.15151515151515152,0.6521739130434783,0.33962264150943394,0.8716237545013428,0.5,87.0,0,frozen,2,1,96
+50d,50.0,486,23,0.047325102880658436,0.31866155159077547,0.9043102638745423,0.31683168316831684,0.20512820512820512,0.6956521739130435,0.45614035087719296,0.8331859707832336,0.5,92.0,0,frozen,2,1,96
+100d,100.0,486,23,0.047325102880658436,0.333274293478421,0.90947506808151,0.34,0.22077922077922077,0.7391304347826086,0.44897959183673475,0.8636934757232666,0.5,97.0,0,frozen,2,1,96
full,,486,23,0.047325102880658436,0.44253358976007473,0.9075030519297587,0.38,0.24675324675324675,0.8260869565217391,0.4482758620689655,0.8331388831138611,0.5,152.0,0,frozen,2,1,96
-50d,-50.0,488,24,0.04918032786885246,0.1573568059063381,0.8205818965517242,0.19130434782608696,0.10679611650485436,0.9166666666666666,0.2894736842105263,0.7677167654037476,0.5,72.0,5,frozen,2,2,33
-20d,-20.0,488,24,0.04918032786885246,0.16588147250619906,0.8125,0.20689655172413793,0.11731843575418995,0.875,0.22222222222222224,0.7134382724761963,0.5,75.0,1,frozen,2,2,33
-10d,-10.0,488,24,0.04918032786885246,0.1521623309819638,0.8195941091954023,0.2198952879581152,0.12574850299401197,0.875,0.23880597014925373,0.6380248665809631,0.5,76.0,1,frozen,2,2,33
+0d,0.0,488,24,0.04918032786885246,0.24052591444702318,0.8698814655172413,0.23668639053254437,0.13793103448275862,0.8333333333333334,0.3478260869565218,0.6869503259658813,0.5,78.0,0,frozen,2,2,33
+20d,20.0,488,24,0.04918032786885246,0.31438109008852594,0.8789511494252873,0.273972602739726,0.16393442622950818,0.8333333333333334,0.35999999999999993,0.8761343359947205,0.5,82.0,0,frozen,2,2,33
+50d,50.0,488,24,0.04918032786885246,0.46803672286543474,0.9298670977011494,0.3181818181818182,0.19444444444444445,0.875,0.4761904761904762,0.8406985402107239,0.5,85.5,0,frozen,2,2,33
+100d,100.0,488,24,0.04918032786885246,0.3866717124324891,0.9232219827586207,0.33070866141732286,0.20388349514563106,0.875,0.4827586206896552,0.8521804809570312,0.5,90.5,0,frozen,2,2,33
full,,488,24,0.04918032786885246,0.4045668547724378,0.9464798850574712,0.359375,0.22115384615384615,0.9583333333333334,0.547945205479452,0.8320409059524536,0.5,148.0,0,frozen,2,2,33
-50d,-50.0,487,24,0.049281314168377825,0.1762310943620916,0.7476601871850252,0.1552511415525114,0.08717948717948718,0.7083333333333334,0.21951219512195125,0.757192075252533,0.5,67.0,7,frozen,2,3,27
-20d,-20.0,487,24,0.049281314168377825,0.14043215312520696,0.7439704823614111,0.16267942583732056,0.0918918918918919,0.7083333333333334,0.21333333333333332,0.7485167980194092,0.5,69.0,2,frozen,2,3,27
-10d,-10.0,487,24,0.049281314168377825,0.15644386208695646,0.7734881209503239,0.17297297297297298,0.09937888198757763,0.6666666666666666,0.23188405797101452,0.725456953048706,0.5,71.0,1,frozen,2,3,27
+0d,0.0,487,24,0.049281314168377825,0.21383135919339935,0.8271238300935925,0.24324324324324326,0.14516129032258066,0.75,0.3157894736842105,0.6802615523338318,0.5,74.0,0,frozen,2,3,27
+20d,20.0,487,24,0.049281314168377825,0.20612097045715402,0.853401727861771,0.26277372262773724,0.1592920353982301,0.75,0.3409090909090909,0.6802615523338318,0.5,77.0,0,frozen,2,3,27
+50d,50.0,487,24,0.049281314168377825,0.2772665722732549,0.8839992800575955,0.33070866141732286,0.20388349514563106,0.875,0.37209302325581395,0.7247652411460876,0.5,82.0,0,frozen,2,3,27
+100d,100.0,487,24,0.049281314168377825,0.32035100971688407,0.8967782577393808,0.3140495867768595,0.1958762886597938,0.7916666666666666,0.39436619718309857,0.7690673470497131,0.5,86.0,0,frozen,2,3,27
full,,487,24,0.049281314168377825,0.42277247702687376,0.8982181425485961,0.2962962962962963,0.19047619047619047,0.6666666666666666,0.48000000000000004,0.8626096248626709,0.5,147.0,0,frozen,2,3,27
-50d,-50.0,486,23,0.047325102880658436,0.084166449955355,0.7125551694994836,0.15447154471544716,0.08520179372197309,0.8260869565217391,0.17346938775510204,0.6317418217658997,0.5,72.0,1,frozen,2,4,19
-20d,-20.0,486,23,0.047325102880658436,0.13065291689142686,0.7460794440792563,0.15859030837004406,0.08823529411764706,0.782608695652174,0.2105263157894737,0.7786544561386108,0.5,75.5,1,frozen,2,4,19
-10d,-10.0,486,23,0.047325102880658436,0.1966508969734197,0.7428866560240398,0.1650485436893204,0.09289617486338798,0.7391304347826086,0.2127659574468085,0.7934119701385498,0.5,77.0,1,frozen,2,4,19
+0d,0.0,486,23,0.047325102880658436,0.26711030178759265,0.8160390647009109,0.2122905027932961,0.12179487179487179,0.8260869565217391,0.2909090909090909,0.7799025177955627,0.5,80.5,0,frozen,2,4,19
+20d,20.0,486,23,0.047325102880658436,0.3148215440635067,0.8577331204807964,0.25157232704402516,0.14705882352941177,0.8695652173913043,0.35789473684210527,0.7214362025260925,0.5,83.0,0,frozen,2,4,19
+50d,50.0,486,23,0.047325102880658436,0.3609024758616646,0.8970795379847873,0.3252032520325203,0.2,0.8695652173913043,0.44705882352941173,0.7304128408432007,0.5,89.0,0,frozen,2,4,19
+100d,100.0,486,23,0.047325102880658436,0.39591918481292576,0.9095689736125459,0.34782608695652173,0.21739130434782608,0.8695652173913043,0.47058823529411764,0.8692424893379211,0.5,94.0,0,frozen,2,4,19
full,,486,23,0.047325102880658436,0.6170426648908292,0.9325758287163114,0.34545454545454546,0.21839080459770116,0.8260869565217391,0.5789473684210527,0.9109807014465332,0.5,147.0,0,frozen,2,4,19
-50d,-50.0,487,24,0.049281314168377825,0.12571138306462631,0.7126529877609791,0.1641025641025641,0.0935672514619883,0.6666666666666666,0.17679558011049726,0.5538027286529541,0.5,72.0,1,finetune,0,0,7
-20d,-20.0,487,24,0.049281314168377825,0.12766912875597394,0.7338012958963283,0.16243654822335024,0.09248554913294797,0.6666666666666666,0.1839080459770115,0.5538027286529541,0.5,75.0,0,finetune,0,0,7
-10d,-10.0,487,24,0.049281314168377825,0.14493321823308258,0.7526997840172786,0.16753926701570682,0.09580838323353294,0.6666666666666666,0.1893491124260355,0.5594338178634644,0.5,76.0,0,finetune,0,0,7
+0d,0.0,487,24,0.049281314168377825,0.18894793779727254,0.7598092152627789,0.1702127659574468,0.0975609756097561,0.6666666666666666,0.1951219512195122,0.7154906392097473,0.5,79.0,0,finetune,0,0,7
+20d,20.0,487,24,0.049281314168377825,0.20154692570902108,0.7840172786177105,0.19883040935672514,0.11564625850340136,0.7083333333333334,0.2727272727272727,0.7228474020957947,0.5,81.0,0,finetune,0,0,7
+50d,50.0,487,24,0.049281314168377825,0.2578300539022311,0.8293736501079914,0.2753623188405797,0.16666666666666666,0.7916666666666666,0.3846153846153846,0.7377878427505493,0.5,85.0,0,finetune,0,0,7
+100d,100.0,487,24,0.049281314168377825,0.288186193728348,0.8309035277177824,0.3140495867768595,0.1958762886597938,0.7916666666666666,0.35999999999999993,0.7428680658340454,0.5,91.0,0,finetune,0,0,7
full,,487,24,0.049281314168377825,0.3811663256031996,0.8681605471562275,0.3486238532110092,0.2235294117647059,0.7916666666666666,0.4705882352941177,0.7320094108581543,0.5,152.0,0,finetune,0,0,7
-50d,-50.0,486,23,0.047325102880658436,0.17557587895031923,0.8040191567283312,0.20212765957446807,0.11515151515151516,0.8260869565217391,0.25316455696202533,0.7222869992256165,0.5,76.0,2,finetune,0,1,6
-20d,-20.0,486,23,0.047325102880658436,0.14043282367172064,0.7899333270729646,0.2087912087912088,0.11949685534591195,0.8260869565217391,0.23622047244094488,0.6742597222328186,0.5,80.0,1,finetune,0,1,6
-10d,-10.0,486,23,0.047325102880658436,0.19003357177266494,0.8068363226594046,0.21348314606741572,0.12258064516129032,0.8260869565217391,0.2608695652173913,0.6742597222328186,0.5,81.0,1,finetune,0,1,6
+0d,0.0,486,23,0.047325102880658436,0.23068299581616114,0.8239271293079162,0.2222222222222222,0.12837837837837837,0.8260869565217391,0.3373493975903614,0.6967074871063232,0.5,84.0,0,finetune,0,1,6
+20d,20.0,486,23,0.047325102880658436,0.2229599418021575,0.8470278899427176,0.22784810126582278,0.13333333333333333,0.782608695652174,0.3870967741935484,0.7020696997642517,0.5,87.0,0,finetune,0,1,6
+50d,50.0,486,23,0.047325102880658436,0.2718025311655055,0.8682505399568033,0.31666666666666665,0.1958762886597938,0.8260869565217391,0.4210526315789474,0.6567989587783813,0.5,92.0,0,finetune,0,1,6
+100d,100.0,486,23,0.047325102880658436,0.39245628573410335,0.878204526246596,0.34545454545454546,0.21839080459770116,0.8260869565217391,0.4761904761904762,0.6785827875137329,0.5,97.0,0,finetune,0,1,6
full,,486,23,0.047325102880658436,0.46773140099948896,0.9124800450746549,0.36363636363636365,0.23684210526315788,0.782608695652174,0.576923076923077,0.7734386324882507,0.5,152.0,0,finetune,0,1,6
-50d,-50.0,488,24,0.04918032786885246,0.12126432004361265,0.798760775862069,0.17801047120418848,0.10179640718562874,0.7083333333333334,0.2626262626262626,0.803801417350769,0.5,72.0,5,finetune,0,2,30
-20d,-20.0,488,24,0.04918032786885246,0.11562306436827376,0.7798132183908046,0.17486338797814208,0.10062893081761007,0.6666666666666666,0.23157894736842108,0.802383542060852,0.5,75.0,1,finetune,0,2,30
-10d,-10.0,488,24,0.04918032786885246,0.11725523571447546,0.7842133620689655,0.1787709497206704,0.1032258064516129,0.6666666666666666,0.23076923076923075,0.7817431092262268,0.5,76.0,1,finetune,0,2,30
+0d,0.0,488,24,0.04918032786885246,0.1793917519629713,0.8180675287356323,0.20118343195266272,0.11724137931034483,0.7083333333333334,0.2616822429906542,0.7663918733596802,0.5,78.0,0,finetune,0,2,30
+20d,20.0,488,24,0.04918032786885246,0.2846530065213787,0.8644935344827587,0.23529411764705882,0.13953488372093023,0.75,0.3466666666666666,0.8293807506561279,0.5,82.0,0,finetune,0,2,30
+50d,50.0,488,24,0.04918032786885246,0.37128830229038984,0.9239403735632185,0.3448275862068966,0.21739130434782608,0.8333333333333334,0.4912280701754386,0.8727970719337463,0.5,85.5,0,finetune,0,2,30
+100d,100.0,488,24,0.04918032786885246,0.399071037972378,0.9251077586206897,0.33962264150943394,0.21951219512195122,0.75,0.5333333333333333,0.9368141889572144,0.5,90.5,0,finetune,0,2,30
full,,488,24,0.04918032786885246,0.4918915990962842,0.9505208333333333,0.45454545454545453,0.3125,0.8333333333333334,0.5964912280701754,0.9661558866500854,0.5,148.0,0,finetune,0,2,30
-50d,-50.0,487,24,0.049281314168377825,0.14175546485925472,0.7564794816414686,0.1642512077294686,0.09289617486338798,0.7083333333333334,0.2580645161290323,0.7787313461303711,0.5,67.0,7,finetune,0,3,13
-20d,-20.0,487,24,0.049281314168377825,0.14848394106855944,0.7471202303815694,0.16831683168316833,0.09550561797752809,0.7083333333333334,0.22058823529411764,0.7227067947387695,0.5,69.0,2,finetune,0,3,13
-10d,-10.0,487,24,0.049281314168377825,0.15592133007784026,0.7618790496760259,0.17708333333333334,0.10119047619047619,0.7083333333333334,0.2807017543859649,0.7755313515663147,0.5,71.0,1,finetune,0,3,13
+0d,0.0,487,24,0.049281314168377825,0.21721658781181696,0.7878869690424766,0.19101123595505617,0.11038961038961038,0.7083333333333334,0.3225806451612903,0.7698444128036499,0.5,74.0,0,finetune,0,3,13
+20d,20.0,487,24,0.049281314168377825,0.24762292309995773,0.8122750179985602,0.23448275862068965,0.14049586776859505,0.7083333333333334,0.380952380952381,0.7574194073677063,0.5,77.0,0,finetune,0,3,13
+50d,50.0,487,24,0.049281314168377825,0.29822075282743943,0.8336033117350612,0.3364485981308411,0.21686746987951808,0.75,0.4444444444444445,0.7764596939086914,0.5,82.0,0,finetune,0,3,13
+100d,100.0,487,24,0.049281314168377825,0.3760592788449784,0.8450323974082073,0.391304347826087,0.2647058823529412,0.75,0.52,0.7617282867431641,0.5,86.0,0,finetune,0,3,13
full,,487,24,0.049281314168377825,0.531928718562836,0.8694204463642909,0.425,0.30357142857142855,0.7083333333333334,0.5714285714285714,0.8072776198387146,0.5,147.0,0,finetune,0,3,13
-50d,-50.0,486,23,0.047325102880658436,0.13648142958503304,0.8109681660249789,0.19298245614035087,0.1073170731707317,0.9565217391304348,0.23622047244094488,0.8246629238128662,0.5,72.0,1,finetune,0,4,22
-20d,-20.0,486,23,0.047325102880658436,0.20235104361521317,0.8482486618461827,0.19469026548672566,0.10837438423645321,0.9565217391304348,0.3142857142857143,0.8651708364486694,0.5,75.5,1,finetune,0,4,22
-10d,-10.0,486,23,0.047325102880658436,0.2165045472373635,0.8421448023288572,0.19909502262443438,0.1111111111111111,0.9565217391304348,0.28070175438596484,0.8724247217178345,0.5,77.0,1,finetune,0,4,22
+0d,0.0,486,23,0.047325102880658436,0.2911044492233647,0.8772654709362382,0.19730941704035873,0.11,0.9565217391304348,0.34146341463414637,0.903661847114563,0.5,80.5,0,finetune,0,4,22
+20d,20.0,486,23,0.047325102880658436,0.4899145908613774,0.916705793971265,0.23655913978494625,0.13496932515337423,0.9565217391304348,0.5128205128205128,0.924015462398529,0.5,83.0,0,finetune,0,4,22
+50d,50.0,486,23,0.047325102880658436,0.42006859729307244,0.9419663818198891,0.34375,0.20952380952380953,0.9565217391304348,0.5862068965517241,0.8874009847640991,0.5,89.0,0,finetune,0,4,22
+100d,100.0,486,23,0.047325102880658436,0.4147427058958969,0.9489153911165369,0.3893805309734513,0.24444444444444444,0.9565217391304348,0.5625,0.8881702423095703,0.5,94.0,0,finetune,0,4,22
full,,486,23,0.047325102880658436,0.6330706946003157,0.9695746079444079,0.44,0.2857142857142857,0.9565217391304348,0.6,0.9568009376525879,0.5,147.0,0,finetune,0,4,22
-50d,-50.0,487,24,0.049281314168377825,0.08546271290252783,0.7163426925845933,0.16666666666666666,0.09375,0.75,0.18181818181818182,0.577528178691864,0.5,72.0,1,finetune,1,0,5
-20d,-20.0,487,24,0.049281314168377825,0.1093516740273039,0.7423506119510439,0.17061611374407584,0.0962566844919786,0.75,0.1904761904761905,0.6255658864974976,0.5,75.0,0,finetune,1,0,5
-10d,-10.0,487,24,0.049281314168377825,0.10515996511564281,0.7479301655867531,0.18269230769230768,0.10326086956521739,0.7916666666666666,0.1888888888888889,0.5789013504981995,0.5,76.0,0,finetune,1,0,5
+0d,0.0,487,24,0.049281314168377825,0.13603007811530157,0.7724082073434125,0.18095238095238095,0.10215053763440861,0.7916666666666666,0.21468926553672318,0.569454550743103,0.5,79.0,0,finetune,1,0,5
+20d,20.0,487,24,0.049281314168377825,0.17623908778302882,0.8102951763858891,0.19689119170984457,0.11242603550295859,0.7916666666666666,0.27586206896551724,0.7405703663825989,0.5,81.0,0,finetune,1,0,5
+50d,50.0,487,24,0.049281314168377825,0.30364600591117397,0.8390928725701943,0.24203821656050956,0.14285714285714285,0.7916666666666666,0.3636363636363636,0.7631452083587646,0.5,85.0,0,finetune,1,0,5
+100d,100.0,487,24,0.049281314168377825,0.2930421702222714,0.8425125989920806,0.2753623188405797,0.16666666666666666,0.7916666666666666,0.37333333333333335,0.6856395602226257,0.5,91.0,0,finetune,1,0,5
full,,487,24,0.049281314168377825,0.38088381605456884,0.8924586033117351,0.32558139534883723,0.2,0.875,0.45454545454545453,0.7901265621185303,0.5,152.0,0,finetune,1,0,5
-50d,-50.0,486,23,0.047325102880658436,0.1740930621351378,0.7954737534040754,0.16216216216216217,0.09259259259259259,0.6521739130434783,0.24242424242424243,0.7102746963500977,0.5,76.0,2,finetune,1,1,7
-20d,-20.0,486,23,0.047325102880658436,0.18360192014324264,0.7975396750868626,0.1797752808988764,0.1032258064516129,0.6956521739130435,0.27499999999999997,0.7112055420875549,0.5,80.0,1,finetune,1,1,7
-10d,-10.0,486,23,0.047325102880658436,0.13436453181884744,0.7844868062728895,0.19428571428571428,0.1118421052631579,0.7391304347826086,0.2260869565217391,0.6876273155212402,0.5,81.0,1,finetune,1,1,7
+0d,0.0,486,23,0.047325102880658436,0.15549954469299176,0.8082449056249413,0.21965317919075145,0.12666666666666668,0.8260869565217391,0.26829268292682923,0.7442598342895508,0.5,84.0,0,finetune,1,1,7
+20d,20.0,486,23,0.047325102880658436,0.20401798915495112,0.8371678091839609,0.2222222222222222,0.12949640287769784,0.782608695652174,0.3768115942028985,0.7503992319107056,0.5,87.0,0,finetune,1,1,7
+50d,50.0,486,23,0.047325102880658436,0.26950353684693484,0.8648699408395154,0.2809917355371901,0.17346938775510204,0.7391304347826086,0.4307692307692308,0.7286449670791626,0.5,92.0,0,finetune,1,1,7
+100d,100.0,486,23,0.047325102880658436,0.3770375540482606,0.8725701943844493,0.3333333333333333,0.21518987341772153,0.7391304347826086,0.4615384615384615,0.7495570778846741,0.5,97.0,0,finetune,1,1,7
full,,486,23,0.047325102880658436,0.5432815071024982,0.9143581556953705,0.40860215053763443,0.2714285714285714,0.8260869565217391,0.5652173913043478,0.8340921401977539,0.5,152.0,0,finetune,1,1,7
-50d,-50.0,488,24,0.04918032786885246,0.1304064141327274,0.8168103448275861,0.21395348837209302,0.12041884816753927,0.9583333333333334,0.24242424242424243,0.6861684322357178,0.5,72.0,5,finetune,1,2,8
-20d,-20.0,488,24,0.04918032786885246,0.15845839033636017,0.8123204022988506,0.20095693779904306,0.11351351351351352,0.875,0.24719101123595508,0.7201417088508606,0.5,75.0,1,finetune,1,2,8
-10d,-10.0,488,24,0.04918032786885246,0.15602020682543333,0.8169899425287357,0.19230769230769232,0.10869565217391304,0.8333333333333334,0.25316455696202533,0.733317494392395,0.5,76.0,1,finetune,1,2,8
+0d,0.0,488,24,0.04918032786885246,0.22588361625106745,0.8480603448275862,0.20192307692307693,0.11413043478260869,0.875,0.32432432432432434,0.7663108110427856,0.5,78.0,0,finetune,1,2,8
+20d,20.0,488,24,0.04918032786885246,0.3551481613391595,0.8841594827586208,0.22702702702702704,0.13043478260869565,0.875,0.4230769230769231,0.796210527420044,0.5,82.0,0,finetune,1,2,8
+50d,50.0,488,24,0.04918032786885246,0.5080903242633528,0.9254669540229885,0.3157894736842105,0.1926605504587156,0.875,0.5818181818181819,0.7853627800941467,0.5,85.5,0,finetune,1,2,8
+100d,100.0,488,24,0.04918032786885246,0.4776481290537412,0.9328304597701149,0.375,0.23863636363636365,0.875,0.5423728813559322,0.7802337408065796,0.5,90.5,0,finetune,1,2,8
full,,488,24,0.04918032786885246,0.5900293750758692,0.9586925287356323,0.41509433962264153,0.2682926829268293,0.9166666666666666,0.6031746031746031,0.802627444267273,0.5,148.0,0,finetune,1,2,8
-50d,-50.0,487,24,0.049281314168377825,0.17754674098588125,0.7620590352771778,0.16,0.09090909090909091,0.6666666666666666,0.25641025641025644,0.7736563682556152,0.5,67.0,7,finetune,1,3,9
-20d,-20.0,487,24,0.049281314168377825,0.16583795768481374,0.7469402447804177,0.16,0.09090909090909091,0.6666666666666666,0.208,0.7305121421813965,0.5,69.0,2,finetune,1,3,9
-10d,-10.0,487,24,0.049281314168377825,0.19603092507774728,0.7592692584593232,0.15789473684210525,0.09036144578313253,0.625,0.24242424242424243,0.7888481616973877,0.5,71.0,1,finetune,1,3,9
+0d,0.0,487,24,0.049281314168377825,0.25624800063582165,0.796886249100072,0.1878453038674033,0.10828025477707007,0.7083333333333334,0.3373493975903614,0.7416954636573792,0.5,74.0,0,finetune,1,3,9
+20d,20.0,487,24,0.049281314168377825,0.2911175249347042,0.8253239740820735,0.22666666666666666,0.1349206349206349,0.7083333333333334,0.45454545454545453,0.7922999262809753,0.5,77.0,0,finetune,1,3,9
+50d,50.0,487,24,0.049281314168377825,0.3524242073691891,0.8431425485961123,0.34951456310679613,0.22784810126582278,0.75,0.5,0.7518386840820312,0.5,82.0,0,finetune,1,3,9
+100d,100.0,487,24,0.049281314168377825,0.38350218983000944,0.8498920086393089,0.3855421686746988,0.2711864406779661,0.6666666666666666,0.5531914893617021,0.7716932892799377,0.5,86.0,0,finetune,1,3,9
full,,487,24,0.049281314168377825,0.5348866586249343,0.8803995680345573,0.4383561643835616,0.32653061224489793,0.6666666666666666,0.6222222222222222,0.8379179835319519,0.5,147.0,0,finetune,1,3,9
-50d,-50.0,486,23,0.047325102880658436,0.15010282128563213,0.8040191567283314,0.18357487922705315,0.10326086956521739,0.8260869565217391,0.2641509433962264,0.7259573340415955,0.5,72.0,1,finetune,1,4,8
-20d,-20.0,486,23,0.047325102880658436,0.22047381740247599,0.8272138228941684,0.18719211822660098,0.10555555555555556,0.8260869565217391,0.32142857142857145,0.7538922429084778,0.5,75.5,1,finetune,1,4,8
-10d,-10.0,486,23,0.047325102880658436,0.23131139703813813,0.8208282467837356,0.19801980198019803,0.11173184357541899,0.8695652173913043,0.27906976744186046,0.7760117650032043,0.5,77.0,1,finetune,1,4,8
+0d,0.0,486,23,0.047325102880658436,0.26105455532229765,0.8362287538736033,0.19704433497536947,0.1111111111111111,0.8695652173913043,0.33962264150943394,0.7909000515937805,0.5,80.5,0,finetune,1,4,8
+20d,20.0,486,23,0.047325102880658436,0.3588423425468784,0.873978777349986,0.22346368715083798,0.1282051282051282,0.8695652173913043,0.4615384615384615,0.8068637251853943,0.5,83.0,0,finetune,1,4,8
+50d,50.0,486,23,0.047325102880658436,0.3707663422769296,0.9183960935299089,0.32061068702290074,0.19444444444444445,0.9130434782608695,0.5151515151515151,0.7484615445137024,0.5,89.0,0,finetune,1,4,8
+100d,100.0,486,23,0.047325102880658436,0.3704147962701031,0.9264719691989858,0.3669724770642202,0.23255813953488372,0.8695652173913043,0.5333333333333333,0.7746908068656921,0.5,94.0,0,finetune,1,4,8
full,,486,23,0.047325102880658436,0.49518122242112134,0.9600901493097944,0.4077669902912621,0.2625,0.9130434782608695,0.6153846153846154,0.83230060338974,0.5,147.0,0,finetune,1,4,8
-50d,-50.0,487,24,0.049281314168377825,0.08228957971200584,0.6897948164146868,0.14814814814814814,0.08484848484848485,0.5833333333333334,0.17283950617283952,0.4210464656352997,0.5,72.0,1,finetune,2,0,2
-20d,-20.0,487,24,0.049281314168377825,0.08890805228237725,0.7058135349172066,0.15300546448087432,0.0880503144654088,0.5833333333333334,0.16964285714285715,0.44330063462257385,0.5,75.0,0,finetune,2,0,2
-10d,-10.0,487,24,0.049281314168377825,0.08901037716230915,0.7110331173506119,0.1564245810055866,0.09032258064516129,0.5833333333333334,0.16666666666666666,0.3753229081630707,0.5,76.0,0,finetune,2,0,2
+0d,0.0,487,24,0.049281314168377825,0.10422948767736961,0.7208423326133909,0.1411764705882353,0.0821917808219178,0.5,0.1708542713567839,0.4576598107814789,0.5,79.0,0,finetune,2,0,2
+20d,20.0,487,24,0.049281314168377825,0.1646614836205707,0.7422606191504679,0.1411764705882353,0.0821917808219178,0.5,0.2702702702702703,0.641136884689331,0.5,81.0,0,finetune,2,0,2
+50d,50.0,487,24,0.049281314168377825,0.23368470415990028,0.7535097192224622,0.13414634146341464,0.07857142857142857,0.4583333333333333,0.3137254901960785,0.6201006174087524,0.5,85.0,0,finetune,2,0,2
+100d,100.0,487,24,0.049281314168377825,0.20565697562793026,0.7447804175665946,0.14634146341463414,0.08571428571428572,0.5,0.2553191489361702,0.6100960373878479,0.5,91.0,0,finetune,2,0,2
full,,487,24,0.049281314168377825,0.16189914551795687,0.7648488120950324,0.1787709497206704,0.1032258064516129,0.6666666666666666,0.2363636363636364,0.5551345944404602,0.5,152.0,0,finetune,2,0,2
-50d,-50.0,486,23,0.047325102880658436,0.19447981931052613,0.815945159169875,0.2011173184357542,0.11538461538461539,0.782608695652174,0.2898550724637681,0.7962357401847839,0.5,76.0,2,finetune,2,1,14
-20d,-20.0,486,23,0.047325102880658436,0.16853698146955703,0.8087144332801202,0.19883040935672514,0.11486486486486487,0.7391304347826086,0.26229508196721313,0.7962357401847839,0.5,80.0,1,finetune,2,1,14
-10d,-10.0,486,23,0.047325102880658436,0.19516996708954218,0.8243966569630952,0.19883040935672514,0.11486486486486487,0.7391304347826086,0.3157894736842105,0.7856006026268005,0.5,81.0,1,finetune,2,1,14
+0d,0.0,486,23,0.047325102880658436,0.235226291847638,0.8377312423701756,0.21686746987951808,0.1258741258741259,0.782608695652174,0.3294117647058823,0.7526037693023682,0.5,84.0,0,finetune,2,1,14
+20d,20.0,486,23,0.047325102880658436,0.2741829653358757,0.8660907127429804,0.22818791946308725,0.1349206349206349,0.7391304347826086,0.4571428571428571,0.7737570405006409,0.5,87.0,0,finetune,2,1,14
+50d,50.0,486,23,0.047325102880658436,0.38629318093228077,0.8862804019156727,0.29310344827586204,0.1827956989247312,0.7391304347826086,0.44776119402985076,0.7461703419685364,0.5,92.0,0,finetune,2,1,14
+100d,100.0,486,23,0.047325102880658436,0.40133545034110574,0.8986759320123955,0.35051546391752575,0.22972972972972974,0.7391304347826086,0.4912280701754386,0.7914519309997559,0.5,97.0,0,finetune,2,1,14
full,,486,23,0.047325102880658436,0.5446797493036787,0.93060381256456,0.4146341463414634,0.288135593220339,0.7391304347826086,0.5777777777777778,0.9178474545478821,0.5,152.0,0,finetune,2,1,14
-50d,-50.0,488,24,0.04918032786885246,0.2328421837850784,0.831896551724138,0.20909090909090908,0.11734693877551021,0.9583333333333334,0.28205128205128205,0.6549620032310486,0.5,72.0,5,finetune,2,2,3
-20d,-20.0,488,24,0.04918032786885246,0.17714981274885966,0.8240840517241379,0.20657276995305165,0.1164021164021164,0.9166666666666666,0.27450980392156865,0.6632909774780273,0.5,75.0,1,finetune,2,2,3
-10d,-10.0,488,24,0.04918032786885246,0.1982984463360743,0.8229166666666666,0.19718309859154928,0.1111111111111111,0.875,0.2564102564102564,0.6469012498855591,0.5,76.0,1,finetune,2,2,3
+0d,0.0,488,24,0.04918032786885246,0.21198476634631333,0.8424030172413793,0.21495327102803738,0.12105263157894737,0.9583333333333334,0.31034482758620696,0.6645247936248779,0.5,78.0,0,finetune,2,2,3
+20d,20.0,488,24,0.04918032786885246,0.3257983357747911,0.8609913793103448,0.20657276995305165,0.1164021164021164,0.9166666666666666,0.3783783783783784,0.7078889608383179,0.5,82.0,0,finetune,2,2,3
+50d,50.0,488,24,0.04918032786885246,0.4439766586252423,0.8813757183908046,0.21153846153846154,0.11956521739130435,0.9166666666666666,0.5,0.6869561076164246,0.5,85.5,0,finetune,2,2,3
+100d,100.0,488,24,0.04918032786885246,0.37157941196611566,0.8773347701149424,0.2028985507246377,0.11475409836065574,0.875,0.4583333333333333,0.6869561076164246,0.5,90.5,0,finetune,2,2,3
full,,488,24,0.04918032786885246,0.4183131186811061,0.9145114942528734,0.21395348837209302,0.12041884816753927,0.9583333333333334,0.5,0.7192097902297974,0.5,148.0,0,finetune,2,2,3
-50d,-50.0,487,24,0.049281314168377825,0.16388805459660563,0.7648038156947444,0.1643835616438356,0.09230769230769231,0.75,0.2222222222222222,0.7739297747612,0.5,67.0,7,finetune,2,3,10
-20d,-20.0,487,24,0.049281314168377825,0.15024885695129908,0.7651187904967602,0.16666666666666666,0.09375,0.75,0.22764227642276422,0.7290551662445068,0.5,69.0,2,finetune,2,3,10
-10d,-10.0,487,24,0.049281314168377825,0.1906225637938265,0.7722282217422607,0.16981132075471697,0.09574468085106383,0.75,0.25,0.7723343968391418,0.5,71.0,1,finetune,2,3,10
+0d,0.0,487,24,0.049281314168377825,0.19875468480841685,0.7984161267098632,0.1722488038277512,0.0972972972972973,0.75,0.3272727272727273,0.7762869000434875,0.5,74.0,0,finetune,2,3,10
+20d,20.0,487,24,0.049281314168377825,0.2936027555285295,0.8196544276457883,0.19047619047619047,0.10909090909090909,0.75,0.35000000000000003,0.8270655870437622,0.5,77.0,0,finetune,2,3,10
+50d,50.0,487,24,0.049281314168377825,0.2971613192140012,0.8414326853851691,0.2647058823529412,0.16071428571428573,0.75,0.4166666666666667,0.7387809157371521,0.5,82.0,0,finetune,2,3,10
+100d,100.0,487,24,0.049281314168377825,0.3793895771668321,0.8525917926565874,0.3103448275862069,0.1956521739130435,0.75,0.4888888888888889,0.803843080997467,0.5,86.0,0,finetune,2,3,10
full,,487,24,0.049281314168377825,0.46910948377596356,0.8597012239020878,0.37254901960784315,0.24358974358974358,0.7916666666666666,0.5142857142857142,0.8930278420448303,0.5,147.0,0,finetune,2,3,10
-50d,-50.0,486,23,0.047325102880658436,0.11815071846857111,0.7783829467555639,0.1630901287553648,0.09047619047619047,0.8260869565217391,0.20779220779220778,0.7157055139541626,0.5,72.0,1,finetune,2,4,11
-20d,-20.0,486,23,0.047325102880658436,0.1657182341527778,0.8051460231007606,0.16593886462882096,0.09223300970873786,0.8260869565217391,0.3076923076923077,0.8202983736991882,0.5,75.5,1,finetune,2,4,11
-10d,-10.0,486,23,0.047325102880658436,0.19113240194571096,0.8051460231007606,0.1688888888888889,0.09405940594059406,0.8260869565217391,0.24137931034482762,0.8202983736991882,0.5,77.0,1,finetune,2,4,11
+0d,0.0,486,23,0.047325102880658436,0.23460335399591165,0.8315334773218143,0.17040358744394618,0.095,0.8260869565217391,0.36363636363636365,0.833795964717865,0.5,80.5,0,finetune,2,4,11
+20d,20.0,486,23,0.047325102880658436,0.3378645265321321,0.8617710583153348,0.19138755980861244,0.10752688172043011,0.8695652173913043,0.4444444444444444,0.8711581230163574,0.5,83.0,0,finetune,2,4,11
+50d,50.0,486,23,0.047325102880658436,0.3294611956317916,0.9128556671987981,0.26993865030674846,0.15714285714285714,0.9565217391304348,0.5084745762711865,0.8632285594940186,0.5,89.0,0,finetune,2,4,11
+100d,100.0,486,23,0.047325102880658436,0.3300182398551556,0.9217766926471969,0.33587786259541985,0.2037037037037037,0.9565217391304348,0.5,0.8344457745552063,0.5,94.0,0,finetune,2,4,11
full,,486,23,0.047325102880658436,0.5159865200931297,0.9257207249506997,0.3853211009174312,0.2441860465116279,0.9130434782608695,0.5833333333333334,0.9093356728553772,0.5,147.0,0,finetune,2,4,11
